time,baro_altitude,accl_x,accl_y,accl_z,gps_altitude,gyro_roll,gyro_pitch,gyro_yaw,flight_id
0.0,0.017147126156199267,-6.482938297798515,-2.0844231623176124,-1.8374224790099016,0.0,0.0,0.0,0.0,11_standardized
0.05,-0.04510970185229476,-9.93383868546123,-3.253783964489613,-2.8004970575376085,0.0,0.0,0.0,0.0,11_standardized
0.1,-0.058386555348157065,-8.89176942991808,-2.9067105272167475,-2.435081917020194,0.0,0.0,0.0,0.0,11_standardized
0.15,-0.041513049638217,-9.48604928447875,-3.1572070381277677,-2.6277790433366586,0.0,0.0,0.0,0.0,11_standardized
0.2,-0.03756833910178003,-9.138071563225857,-3.0316458614036503,-2.519716596953032,0.0,0.0,0.0,0.0,11_standardized
0.25,-0.08199214354201528,-9.35191990475253,-3.0432464923567024,-2.6341134142069267,0.0,0.0,0.0,0.0,11_standardized
0.3,-0.09678623792084065,-9.218014872648686,-3.0120238431502937,-2.597924443940204,0.0,0.0,0.0,0.0,11_standardized
0.35,-0.015769713525095274,-9.338152180829862,-2.989743344549059,-2.6506088586116325,0.0,0.0,0.0,0.0,11_standardized
0.4,-0.03424687645115832,-9.319800542475836,-2.9636644537580255,-2.653615623597468,0.0,0.0,0.0,0.0,11_standardized
0.45,-0.1514580891085521,-9.298270335937104,-3.0436561664921196,-2.5988979671249273,0.0,0.0,0.0,0.0,11_standardized
0.5,-0.022565348681237697,-9.321004704818373,-3.011541958036065,-2.565893105445033,0.0,0.0,0.0,0.0,11_standardized
0.55,0.12778607761214664,-9.247820587729255,-3.1142100598124567,-2.602019383957101,0.0,0.0,0.0,0.0,11_standardized
0.6,0.22270234725600377,-9.1952085033144,-3.0407160581564443,-2.5223826472212463,0.0,0.0,0.0,0.0,11_standardized
0.65,-0.0031515276801571805,-9.29339851715667,-3.0245090514846704,-2.56578165383384,0.0,0.0,0.0,0.0,11_standardized
0.7,-0.06495647937081477,-9.240142016378064,-3.0543924414430137,-2.5232818145869502,0.0,0.0,0.0,0.0,11_standardized
0.75,-0.07695244172742323,-9.287957457733127,-2.954445947757141,-2.5361096056167893,0.0,0.0,0.0,0.0,11_standardized
0.8,-0.11745765794347744,-9.31447428756336,-2.926509589866388,-2.6636925517249748,0.0,0.0,0.0,0.0,11_standardized
0.85,-0.11941139702231218,-9.259666018129652,-2.9150940222166044,-2.5927928986841597,0.0,0.0,0.0,0.0,11_standardized
0.9,0.07423848279296785,-9.293291735517286,-2.9979035617841814,-2.6276255258862933,0.0,0.0,0.0,0.0,11_standardized
0.95,-0.07691998712498124,-9.276447661700345,-2.9878631136917133,-2.6236694721538356,0.0,0.0,0.0,0.0,11_standardized
1.0,-0.1789455697515831,-9.277511201979065,-3.0033568879363863,-2.550614276670694,0.0,0.0,0.0,0.0,11_standardized
1.05,-0.07105471273674488,-9.267799662135277,-3.095934221140002,-2.5354682346515154,0.0,0.0,0.0,0.0,11_standardized
1.1,0.007606218489171916,-9.213075425088164,-3.0250377822664025,-2.5605839135364055,0.0,0.0,0.0,0.0,11_standardized
1.15,-0.01038610780017908,-9.329877654696272,-2.9740158335960922,-2.608494776288981,0.0,0.0,0.0,0.0,11_standardized
1.2,0.06962810923676363,-9.242723068193309,-2.9913370797564798,-2.529020948664912,0.0,0.0,0.0,0.0,11_standardized
1.25,0.05212465865518034,-9.254601921411322,-2.9345973207133067,-2.586194849927546,0.0,0.0,0.0,0.0,11_standardized
1.3,-0.07719185064099517,-9.355224140891814,-2.938730294699416,-2.582237585427325,0.0,0.0,0.0,0.0,11_standardized
1.35,-0.21937091456681648,-9.289169858599857,-2.994698705640217,-2.5745756680918714,0.0,0.0,0.0,0.0,11_standardized
1.4,-0.29787285749491704,-9.28740017442873,-3.0576918642808013,-2.6105863833266825,0.0,0.0,0.0,0.0,11_standardized
1.45,-0.21752547105856584,-9.241623445247356,-3.153117814120562,-2.624440596480763,0.0,0.0,0.0,0.0,11_standardized
1.5,-0.2968331348564265,-9.236534221544648,-3.0648783393613304,-2.557553722804607,0.0,0.0,0.0,0.0,11_standardized
1.55,-0.007992113708468286,-9.28685075542548,-3.0523377019585216,-2.591329055605764,0.0,0.0,0.0,0.0,11_standardized
1.6,0.12009494845397688,-9.283402175716393,-3.0809627110951583,-2.4601778712325677,0.0,0.0,0.0,0.0,11_standardized
1.65,0.12839676936978595,-9.273122290356024,-2.9419894913595286,-2.6635110521362133,0.0,0.0,0.0,0.0,11_standardized
1.7,0.02567699799367671,-9.256904561186474,-2.9743912902426772,-2.6701820379516312,0.0,0.0,0.0,0.0,11_standardized
1.75,-0.021118363169242548,-9.360327719238564,-2.8910475412543226,-2.5884574686943864,0.0,0.0,0.0,0.0,11_standardized
1.8,-0.10104197842223116,-9.295207436249285,-2.9439964011208066,-2.6117581109548,0.0,0.0,0.0,0.0,11_standardized
1.85,-0.23690591519259982,-9.32443166388792,-3.000885306034596,-2.5225686569177643,0.0,0.0,0.0,0.0,11_standardized
1.9,-0.13454320395942232,-9.27464063879593,-3.0363336698224734,-2.5876316961686214,0.0,0.0,0.0,0.0,11_standardized
1.95,-0.1371243908313578,-9.245861561618273,-3.0567020007736954,-2.625438004768056,0.0,0.0,0.0,0.0,11_standardized
2.0,-0.06628609323084408,-9.251246475583416,-3.108327617329493,-2.594097763628676,0.0,0.0,0.0,0.0,11_standardized
2.05,-0.1654610704190293,-9.222785518499133,-3.03448412024688,-2.664578797102012,0.0,0.0,0.0,0.0,11_standardized
2.1,-0.30654381582376133,-9.234702308957443,-2.984978782665538,-2.6971428259053547,0.0,0.0,0.0,0.0,11_standardized
2.15,-0.3357532287086456,-9.26092777525284,-2.9456333155693644,-2.630483647910416,0.0,0.0,0.0,0.0,11_standardized
2.2,-0.06892735537345597,-9.340160147940743,-2.9585785168229775,-2.52653221268352,0.0,0.0,0.0,0.0,11_standardized
2.25,-0.10458308143220466,-9.310674746029813,-3.01256311401213,-2.580020122859073,0.0,0.0,0.0,0.0,11_standardized
2.3,-0.1625563291024685,-9.315067124291332,-2.9983021280121287,-2.6291399986297566,0.0,0.0,0.0,0.0,11_standardized
2.35,-0.09697926578678673,-9.305865694811887,-3.019254730213842,-2.532201121415397,0.0,0.0,0.0,0.0,11_standardized
2.4,-0.07525574450381735,-9.246237269091964,-3.0616530624481877,-2.587247226365938,0.0,0.0,0.0,0.0,11_standardized
2.45,0.09817897719840049,-9.285615245198281,-3.077759804020463,-2.564395705576993,0.0,0.0,0.0,0.0,11_standardized
2.5,0.06496969499722667,-9.285816903453338,-3.0816118491730897,-2.528966829844509,0.0,0.0,0.0,0.0,11_standardized
2.55,-0.14844839206700386,-9.267751350726337,-3.0440714288276483,-2.5912582453001796,0.0,0.0,0.0,0.0,11_standardized
2.6,-0.09686011511614635,-9.295657168836915,-2.939374675340504,-2.647203684682825,0.0,0.0,0.0,0.0,11_standardized
2.65,-0.09745660456610879,-9.268383684292651,-2.94455257269166,-2.6553376116743723,0.0,0.0,0.0,0.0,11_standardized
2.7,-0.06755527353207448,-9.28364432251031,-2.955466514535083,-2.6776956852594758,0.0,0.0,0.0,0.0,11_standardized
2.75,-0.1257728790695117,-9.29535306420536,-2.9991390221502385,-2.589687133055965,0.0,0.0,0.0,0.0,11_standardized
2.8,-0.19650399104313457,-9.24797340021955,-3.032103579048226,-2.5572615506198706,0.0,0.0,0.0,0.0,11_standardized
2.85,-0.1786990413402125,-9.207144857432944,-3.0383796883889165,-2.6311551138543936,0.0,0.0,0.0,0.0,11_standardized
2.9,-0.006325906716166015,-9.262415555117936,-3.0577260211855943,-2.551130382381956,0.0,0.0,0.0,0.0,11_standardized
2.95,0.04124953210465393,-9.189690362188424,-3.112445330285206,-2.612791522838997,0.0,0.0,0.0,0.0,11_standardized
3.0,0.030082771498201953,-9.252339728529707,-3.057476844888381,-2.5849856192019547,0.0,0.0,0.0,0.0,11_standardized
3.05,0.1631835082037965,-9.298242403619627,-3.001123992600009,-2.498648083203726,0.0,0.0,0.0,0.0,11_standardized
3.1,0.022588846531017157,-9.27419031117833,-2.9695771531342126,-2.6277694874023734,0.0,0.0,0.0,0.0,11_standardized
3.15,-0.10222946116595091,-9.306296393672444,-2.931343399853116,-2.5451496508336238,0.0,0.0,0.0,0.0,11_standardized
3.2,-0.025965898614033794,-9.331795037307176,-2.931562147086121,-2.6075524201459572,0.0,0.0,0.0,0.0,11_standardized
3.25,0.0278345269183771,-9.262340239453371,-2.9554292593609017,-2.545015923038841,0.0,0.0,0.0,0.0,11_standardized
3.3,-0.070632217341497,-9.198438751422886,-3.070582628588159,-2.6034778239176117,0.0,0.0,0.0,0.0,11_standardized
3.35,-0.2264757246959455,-9.243528651515428,-3.0958453363625598,-2.6263856932673892,0.0,0.0,0.0,0.0,11_standardized
3.4,0.010584241548838236,-9.272980169599634,-3.0940848953294227,-2.496197759571945,0.0,0.0,0.0,0.0,11_standardized
3.45,-0.23779936881177707,-9.26205368420679,-3.037135742518772,-2.544888497044154,0.0,0.0,0.0,0.0,11_standardized
3.5,-0.20074267480749547,-9.280336231983933,-2.9874356014696652,-2.58023936713579,0.0,0.0,0.0,0.0,11_standardized
3.55,-0.17194076405519018,-9.289126482487385,-2.9440511380371106,-2.533931172889274,0.0,0.0,0.0,0.0,11_standardized
3.6,-0.18975395961897407,-9.34261205665944,-2.909723364115913,-2.602693919756706,0.0,0.0,0.0,0.0,11_standardized
3.65,0.010766529445405555,-9.316956797123986,-2.9198357708607054,-2.579748586001875,0.0,0.0,0.0,0.0,11_standardized
3.7,-0.0876747058971815,-9.276296964685622,-3.0239712799088876,-2.579237697463273,0.0,0.0,0.0,0.0,11_standardized
3.75,-0.17722652625877436,-9.284916568411257,-2.9953999582408652,-2.5647312659852064,0.0,0.0,0.0,0.0,11_standardized
3.8,-0.15052643295837284,-9.153871984812262,-3.1223352084438387,-2.6454346438697858,0.0,0.0,0.0,0.0,11_standardized
3.85,-0.24235600328702198,-9.271016578315603,-3.1436372606231733,-2.5151403364915903,0.0,0.0,0.0,0.0,11_standardized
3.9,-0.15078693539951546,-9.263189706320082,-3.037636128338853,-2.5953009283124016,0.0,0.0,0.0,0.0,11_standardized
3.95,-0.14860553094357942,-9.24872601864003,-3.0389856285533865,-2.5284075154295147,0.0,0.0,0.0,0.0,11_standardized
4.0,-0.16564327479611138,-9.262072180112568,-2.9179198153310857,-2.4951352739113615,0.0,0.0,0.0,0.0,11_standardized
4.05,-0.1504228199591515,-9.260080979841204,-2.907035714111954,-2.539839637973648,0.0,0.0,0.0,0.0,11_standardized
4.1,-0.040635364741655675,-9.41076594062873,-3.062400423035599,-2.6394495252260937,0.0,0.0,0.0,0.0,11_standardized
4.15,-0.18660044100157433,-9.26754234880724,-2.9550867394483404,-2.621664274217438,0.0,0.0,0.0,0.0,11_standardized
4.2,-0.04225490525627235,-9.234576849659978,-3.2160160172883003,-2.4574708911996317,0.0,0.0,0.0,0.0,11_standardized
4.25,-0.049366783614989945,-9.204574189069042,-2.874249601393843,-2.674599837818436,0.0,0.0,0.0,0.0,11_standardized
4.3,-0.09733625014800343,-9.161592677208183,-3.4407732954664354,-2.3378765905763266,0.0,0.0,0.0,0.0,11_standardized
4.35,-0.061643455564889114,-9.277463234816699,-2.3321472374941963,-3.009791996000427,0.0,0.0,0.0,0.0,11_standardized
4.4,-0.17772648578405253,-9.107134970705383,-4.232313066427743,-2.0442608544963408,0.0,0.0,0.0,0.0,11_standardized
4.45,-0.09077876791090779,-9.306515123397336,-1.2841118694511133,-4.043858678128134,0.0,0.0,0.0,0.0,11_standardized
4.5,-0.058061971381160385,-8.687729646331539,-6.475169503349853,-1.4813105428206124,0.0,0.0,0.0,0.0,11_standardized
4.55,-0.040282719095244134,-9.778752597225216,2.5750495145678585,-4.7844708471048225,0.0,0.0,0.0,0.0,11_standardized
4.6,-0.0614272723407988,-9.280287610624958,-14.096793868853476,1.2485496895269987,0.0,0.0,0.0,0.0,11_standardized
4.65,-0.32829028317389497,-60.646750842069196,54.762188961982154,-33.94847043203562,0.0,0.0,0.0,0.0,11_standardized
4.7,-0.6435723418877151,-79.9504831743613,-39.94917490783632,-83.42379101884764,0.0,0.0,0.0,0.0,11_standardized
4.75,-0.11335376866103668,-80.15843515267123,-61.258106811955656,-23.0988218705138,0.0,0.0,0.0,0.0,11_standardized
4.8,0.8604331101245801,-78.99962725849879,-48.41495218219422,-28.03668560057145,0.0,0.0,0.0,0.0,11_standardized
4.85,2.370345576479294,-83.65757320155353,-58.13339293941319,-27.323865249097565,0.0,0.0,0.0,0.0,11_standardized
4.9,4.180080385202536,-85.46575632098882,-54.24169599963614,-29.61838204402979,0.0,0.0,0.0,0.0,11_standardized
4.95,6.309658389851002,-85.35455467737509,-57.59145063501645,-27.03588057908222,0.0,0.0,0.0,0.0,11_standardized
5.0,9.102964718710862,-88.8605954308167,-54.580047177956686,-26.232883266980405,0.0,0.0,0.0,0.0,11_standardized
5.05,12.317772565802468,-90.58403529276629,-54.29417929155519,-24.27478607022065,0.0,0.0,0.0,0.0,11_standardized
5.1,15.84313631412457,-89.6902061686525,-54.51732086561236,-26.007853886818854,0.0,0.0,0.0,0.0,11_standardized
5.15,19.299831331997336,-87.65760451633192,-58.47181943004021,-26.18330849529896,0.0,0.0,0.0,0.0,11_standardized
5.2,22.847920133334757,-86.33571488492787,-60.19806409205367,-27.55809560621328,0.0,0.0,0.0,0.0,11_standardized
5.25,27.36679175970928,-86.03493152914947,-59.81790954949239,-26.41338045484822,0.0,0.0,0.0,0.0,11_standardized
5.3,32.47653794726698,-88.42586648758098,-56.611480484582664,-28.570304432512316,0.0,0.0,0.0,0.0,11_standardized
5.35,37.73458519206976,-83.75174501957582,-53.62437812643762,-26.323701472899852,0.0,0.0,0.0,0.0,11_standardized
5.4,43.36123599243013,-98.77064522548041,-63.24667905617442,-32.6616042430069,0.0,0.0,0.0,0.0,11_standardized
5.45,49.376687367347145,-76.8962598086446,-55.13126830339353,-19.670989812873113,0.0,0.0,0.0,0.0,11_standardized
5.5,55.807429996603986,-14.093887033476166,-5.049233736837693,-6.622486495500605,0.0,0.0,0.0,0.0,11_standardized
5.55,60.71701415798256,8.008809445432478,-4.578288680941731,2.5488844473304972,0.0,0.0,0.0,0.0,11_standardized
5.6,64.8968952078975,-12.681390462795813,9.398419095853917,-17.13595777648551,0.0,0.0,0.0,0.0,11_standardized
5.65,68.01289389271425,12.815411796211531,45.227501953454684,60.09184260443502,0.0,0.0,0.0,0.0,11_standardized
5.7,72.17728067198684,23.1029381528605,-5.598916824920307,46.63906422020607,0.0,0.0,0.0,0.0,11_standardized
5.75,76.37018702193771,-6.229764512675842,5.178305063880426,-2.5357994719670836,0.0,0.0,0.0,0.0,11_standardized
5.8,77.43590427128953,3.6116469464691443,-3.0076723823982072,17.58758296735895,0.0,0.0,0.0,0.0,11_standardized
5.85,77.77680102690263,-7.058296429531493,3.439939160048643,6.232730819950439,0.0,0.0,0.0,0.0,11_standardized
5.9,80.09680655771291,0.14203782842865917,0.6773153293376319,12.718521878378985,0.0,0.0,0.0,0.0,11_standardized
5.95,81.96261586428611,-2.3885827103131234,0.7369274379967221,7.510244286166862,0.0,0.0,0.0,0.0,11_standardized
6.0,83.15449259448877,-1.2147419625589322,0.35565232490499404,10.485665601852897,0.0,0.0,0.0,0.0,11_standardized
6.05,85.7102151117147,-2.9025632799530463,2.2710080908207106,9.122183471153766,0.0,0.0,0.0,0.0,11_standardized
6.1,88.7363591120519,-1.3638462516326928,1.0650700957790409,8.506481332296227,0.0,0.0,0.0,0.0,11_standardized
6.15,91.36138750371228,-1.485100240262934,0.2976307033372905,8.099237500404326,0.0,0.0,0.0,0.0,11_standardized
6.2,94.32940863708214,-1.1681404743287827,0.014458002519738746,7.8383149577606375,0.0,0.0,0.0,0.0,11_standardized
6.25,97.08665183870477,-1.8747297647045646,1.0689802087571354,7.657497879646006,0.0,0.0,0.0,0.0,11_standardized
6.3,100.7135177238742,-2.4356534056107115,1.922545449123231,7.983132677175226,0.0,0.0,0.0,0.0,11_standardized
6.35,104.44429954076716,-1.9524777453714932,1.0534466313201494,6.699941494134964,0.0,0.0,0.0,0.0,11_standardized
6.4,108.11226081280199,-1.2169473945425118,0.5892012827704579,7.215176453267907,0.0,0.0,0.0,0.0,11_standardized
6.45,111.22883526364204,-1.1620127684359447,0.5322690950661224,7.726597594182954,0.0,0.0,0.0,0.0,11_standardized
6.5,114.17990864116317,-0.9645029760769791,0.8400433083871093,6.770553400400111,0.0,0.0,0.0,0.0,11_standardized
6.55,117.32066254586138,-1.7091060708903625,0.8196593847286338,6.160119729640534,0.0,0.0,0.0,0.0,11_standardized
6.6,120.04210887019782,-1.7188911539181637,1.2780313217203991,6.384669537174599,0.0,0.0,0.0,0.0,11_standardized
6.65,122.58764828621528,-1.8517556104033908,0.919219851964672,5.7606738326251135,0.0,0.0,0.0,0.0,11_standardized
6.7,125.2700235091012,-1.5895313930633963,1.0828943296202982,5.924652542103431,0.0,0.0,0.0,0.0,11_standardized
6.75,127.89445172367071,-1.3838655541876224,1.536614832022747,5.600288715522162,0.0,0.0,0.0,0.0,11_standardized
6.8,130.67986617057846,-0.555010982510231,0.2767484075258737,5.899389107845366,0.0,0.0,0.0,0.0,11_standardized
6.85,133.56062736935837,-0.8973642339555593,0.06086587686617693,5.690432915913072,0.0,0.0,0.0,0.0,11_standardized
6.9,136.1790590762956,-1.2071216166262302,0.6249611675449207,5.823512343641512,0.0,0.0,0.0,0.0,11_standardized
6.95,138.79737083178622,-0.8888846761570411,1.2016783047521429,5.428483086220294,0.0,0.0,0.0,0.0,11_standardized
7.0,141.405977928244,-0.9769647970226014,1.1117249315287658,4.841408020641473,0.0,0.0,0.0,0.0,11_standardized
7.05,143.73055985852446,-0.824954801615009,0.623735559626576,4.312623811468019,0.0,0.0,0.0,0.0,11_standardized
7.1,146.14523301372134,-0.8341706236461809,0.6767994303104007,4.6199628896999245,0.0,0.0,0.0,0.0,11_standardized
7.15,148.56877525493653,-1.3913629066254407,0.741598573771974,4.460262374613163,0.0,0.0,0.0,0.0,11_standardized
7.2,151.24573185441486,-1.3476498906091285,1.2231045302022734,4.3366082667145625,0.0,0.0,0.0,0.0,11_standardized
7.25,154.14068878347467,-0.8723212227096583,1.0652962802846981,4.14847708304781,0.0,0.0,0.0,0.0,11_standardized
7.3,156.75873164430718,-0.7191886321404717,0.6674225357662379,4.631619037503538,0.0,0.0,0.0,0.0,11_standardized
7.35,159.02476512217112,-0.559164856624398,0.2702857863350487,4.052239372937156,0.0,0.0,0.0,0.0,11_standardized
7.4,161.34661000701377,-0.891655237745114,0.5628673454667421,3.8787637848488536,0.0,0.0,0.0,0.0,11_standardized
7.45,163.55756183697605,-1.0197262498887714,0.7304549085118287,3.5704276728055526,0.0,0.0,0.0,0.0,11_standardized
7.5,165.91488829182288,-0.7091029109880042,0.5321609462025296,3.195601112105251,0.0,0.0,0.0,0.0,11_standardized
7.55,168.10409922647204,-0.6039359549157164,0.6071930796649865,3.8183783185195876,0.0,0.0,0.0,0.0,11_standardized
7.6,170.24783933194857,-0.5124658263356976,0.30973202313871684,3.575433585664973,0.0,0.0,0.0,0.0,11_standardized
7.65,172.36524955878497,-0.5335741557363248,0.40503951134007493,3.428206034483538,0.0,0.0,0.0,0.0,11_standardized
7.7,174.5050979500927,-0.6238224123299123,0.5922605811096908,3.3346149428255756,0.0,0.0,0.0,0.0,11_standardized
7.75,176.71691246602632,-0.8052013872592754,0.4496367384397582,2.943026247518562,0.0,0.0,0.0,0.0,11_standardized
7.8,178.89087584854522,-0.9043219614106883,0.7432824081305437,2.7371610240223356,0.0,0.0,0.0,0.0,11_standardized
7.85,180.94791363063365,-0.7065931671816621,0.6809698465213188,2.6828924449548017,0.0,0.0,0.0,0.0,11_standardized
7.9,182.97853780854217,-0.5707509472677122,0.5703872322431582,2.6756338497335084,0.0,0.0,0.0,0.0,11_standardized
7.95,184.82928877451988,-0.4546335032719702,0.3739530112098349,2.272358241503429,0.0,0.0,0.0,0.0,11_standardized
8.0,186.702442649738,-0.6233863633917573,0.26116504520565315,2.0991812434562167,0.0,0.0,0.0,0.0,11_standardized
8.05,188.61449496983516,-0.4375702095789765,0.2465647055947306,2.2048320620629025,0.0,0.0,0.0,0.0,11_standardized
8.1,190.45557375362702,-0.7654064938575638,0.5386554476028007,2.0967053434488756,0.0,0.0,0.0,0.0,11_standardized
8.15,192.20077318739982,-1.0909980814982558,0.6597195439972282,2.159386100252157,0.0,0.0,0.0,0.0,11_standardized
8.2,194.24055004517726,-0.9888422692838575,1.0165451755719779,1.843410716121633,0.0,0.0,0.0,0.0,11_standardized
8.25,196.31143664467425,-1.078862101821598,1.2186003123507303,1.5251854437441639,0.0,0.0,0.0,0.0,11_standardized
8.3,198.35170134308882,-0.5683042204248188,0.8563472110971869,1.8160495098926015,0.0,0.0,0.0,0.0,11_standardized
8.35,200.2251794109954,-0.4862727129251585,0.7526535394986249,1.7815860737444509,0.0,0.0,0.0,0.0,11_standardized
8.4,201.93816097603155,-0.5391691129832048,0.7483058888525752,1.7127806929678793,0.0,0.0,0.0,0.0,11_standardized
8.45,203.46972035685928,-0.4552343206813748,0.6649981405480017,1.699299743282938,0.0,0.0,0.0,0.0,11_standardized
8.5,205.0959359306758,-0.7225520696030491,0.5137577715891738,1.6994355116708837,0.0,0.0,0.0,0.0,11_standardized
8.55,207.03702077368604,-0.9564567588305458,0.5773353425019877,1.6367919454227355,0.0,0.0,0.0,0.0,11_standardized
8.6,208.86511206407374,-0.6743092713225262,0.947256695152669,1.4933392122852542,0.0,0.0,0.0,0.0,11_standardized
8.65,210.19759712355213,-0.3145966659465327,0.9347497490812415,1.432963501747165,0.0,0.0,0.0,0.0,11_standardized
8.7,211.4635488293408,-0.07730214593863803,0.743466883576885,1.2478103220220944,0.0,0.0,0.0,0.0,11_standardized
8.75,212.7374744460855,-0.16357728663924279,0.8466511647463874,1.410331629533774,0.0,0.0,0.0,0.0,11_standardized
8.8,214.2411096297583,-0.11727402109563051,0.6677293671206715,1.2262580347360597,0.0,0.0,0.0,0.0,11_standardized
8.85,215.5161372726692,-0.2709704374121774,0.6534151263163934,1.3092659993151026,0.0,0.0,0.0,0.0,11_standardized
8.9,216.79950394770364,-0.5496976728212151,0.6799524036384809,1.2279847313187076,0.0,0.0,0.0,0.0,11_standardized
8.95,218.24313912226398,-0.8368559715244193,0.7049193236751722,1.1305094149162498,0.0,0.0,0.0,0.0,11_standardized
9.0,219.886190421004,-0.7294784431555628,0.6642207795739049,0.9320264377528242,0.0,0.0,0.0,0.0,11_standardized
9.05,221.25382756610267,-0.5885117410235867,0.6895546861860744,0.917376179234731,0.0,0.0,0.0,0.0,11_standardized
9.1,222.65158992860182,-0.4369803278442926,0.6196831739772796,0.8041310805464764,0.0,0.0,0.0,0.0,11_standardized
9.15,223.77733665609742,-0.3076466518507079,0.4193816413269687,0.9147500631320691,0.0,0.0,0.0,0.0,11_standardized
9.2,224.99738418509705,-0.42008447532241483,0.36868274084142294,0.8598761108003132,0.0,0.0,0.0,0.0,11_standardized
9.25,226.16941400855927,-0.3973857647402656,0.31097187469973575,0.7724683883230151,0.0,0.0,0.0,0.0,11_standardized
9.3,227.43708449126788,-0.3802026189232783,0.3576581281835964,0.7614368235402524,0.0,0.0,0.0,0.0,11_standardized
9.35,228.58637639436049,-0.36713499385890797,0.39651184601693745,0.7699273747850671,0.0,0.0,0.0,0.0,11_standardized
9.4,229.69749958592868,-0.37977296075090133,0.3110005483145677,0.795436092260398,0.0,0.0,0.0,0.0,11_standardized
9.45,230.8873380923794,-0.2835670071507394,0.342885455831605,0.7638446171313877,0.0,0.0,0.0,0.0,11_standardized
9.5,232.08656349467017,-0.3803641546473918,0.3372143195846975,0.6438552031306588,0.0,0.0,0.0,0.0,11_standardized
9.55,233.1035017770058,-0.3608338921190914,0.42838646988231704,0.5693372030771059,0.0,0.0,0.0,0.0,11_standardized
9.6,234.24314746945367,-0.3380896508301807,0.40484703050555987,0.5421648591434559,0.0,0.0,0.0,0.0,11_standardized
9.65,235.28534445524102,-0.26456843684956355,0.5183684642127924,0.47134114896592444,0.0,0.0,0.0,0.0,11_standardized
9.7,236.33555315683273,-0.25794552557142353,0.5381151205871741,0.3342186806832856,0.0,0.0,0.0,0.0,11_standardized
9.75,237.13383418048915,-0.24865968175610173,0.5776748571334984,0.22149321131644165,0.0,0.0,0.0,0.0,11_standardized
9.8,238.1066810117347,-0.2527535142342617,0.5269564334363784,0.16613463055578473,0.0,0.0,0.0,0.0,11_standardized
9.85,239.0543018086719,-0.17732680336542567,0.5175509450465782,0.16372277862551907,0.0,0.0,0.0,0.0,11_standardized
9.9,240.08733026519448,-0.23210101012810008,0.4835303683153803,0.3440281207880483,0.0,0.0,0.0,0.0,11_standardized
9.95,240.930810695507,-0.15103381376845987,0.5299806658777855,0.2828773856295537,0.0,0.0,0.0,0.0,11_standardized
10.0,241.75583025681192,-0.17380785308945498,0.4563008785932561,0.20227477684739556,0.0,0.0,0.0,0.0,11_standardized
10.05,242.45317988526688,-0.14222530291170707,0.47456544041210447,0.1988195030856885,0.0,0.0,0.0,0.0,11_standardized
10.1,243.16631678709948,-0.2354477782841637,0.41576555619599204,0.06219440422937745,0.0,0.0,0.0,0.0,11_standardized
10.15,243.82099507686988,-0.2534569626595647,0.4078356671615698,0.16281534142262616,0.0,0.0,0.0,0.0,11_standardized
10.2,244.57696104019377,-0.24683625650198393,0.42670898624216985,0.1414545787392357,0.0,0.0,0.0,0.0,11_standardized
10.25,245.20150700349794,-0.20878102425812672,0.48182052918011087,0.07376656280992416,0.0,0.0,0.0,0.0,11_standardized
10.3,245.81561527579828,-0.20462880719392984,0.49602546208213477,-0.05940298690925166,0.0,0.0,0.0,0.0,11_standardized
10.35,246.42531677041555,-0.23149666791560503,0.47890070063420753,-0.02354232632706068,0.0,0.0,0.0,0.0,11_standardized
10.4,247.05074002723126,-0.2751372160575538,0.4046772509733817,-0.011194139454323883,0.0,0.0,0.0,0.0,11_standardized
10.45,247.6276410312377,-0.21245032605978773,0.4557596545897987,-0.09046946097749524,0.0,0.0,0.0,0.0,11_standardized
10.5,248.28599605009333,-0.2002161288055647,0.5147498489446088,-0.11484665541293482,0.0,0.0,0.0,0.0,11_standardized
10.55,248.75017246015284,-0.19500288028049362,0.46668343855881994,-0.15816313312450564,0.0,0.0,0.0,0.0,11_standardized
10.6,249.38644051463794,-0.2441339906998127,0.45573784439989884,-0.22550005769797685,0.0,0.0,0.0,0.0,11_standardized
10.65,249.91552679248974,-0.2554565829636368,0.436194905397722,-0.22022103069130994,0.0,0.0,0.0,0.0,11_standardized
10.7,250.4628998071419,-0.17661315088894552,0.48670960338160174,-0.16820455207788398,0.0,0.0,0.0,0.0,11_standardized
10.75,250.85323800086348,-0.21594787540676455,0.490507420856367,-0.042791125319216514,0.0,0.0,0.0,0.0,11_standardized
10.8,251.38587414923063,-0.25446772586294997,0.3904499176228596,-0.08882856874886384,0.0,0.0,0.0,0.0,11_standardized
10.85,251.78431789545482,-0.1886782322037861,0.48728316157109,-0.11587124338165447,0.0,0.0,0.0,0.0,11_standardized
10.9,252.19629476737904,-0.14984421715420976,0.42739704268096934,-0.15772155177870253,0.0,0.0,0.0,0.0,11_standardized
10.95,252.44245141597676,-0.1459953118090915,0.45214040329896504,-0.1712143000860175,0.0,0.0,0.0,0.0,11_standardized
11.0,252.64745826035303,-0.13367162865379925,0.47718831342556756,-0.1522997782147634,0.0,0.0,0.0,0.0,11_standardized
11.05,252.91097277788575,-0.11382135231738512,0.4386599089434848,-0.1728455039538527,0.0,0.0,0.0,0.0,11_standardized
11.1,253.2626223296516,-0.14486171553396257,0.4387505483694445,-0.15084989936404633,0.0,0.0,0.0,0.0,11_standardized
11.15,253.45227687114445,-0.10316637882801594,0.4206311123055728,-0.11112354134655385,0.0,0.0,0.0,0.0,11_standardized
11.2,253.83559813881413,-0.09352410308202679,0.5122894876108222,-0.1788196786915908,0.0,0.0,0.0,0.0,11_standardized
11.25,253.9766429908976,-0.09404283949196159,0.47728130029375565,-0.14569998498261075,0.0,0.0,0.0,0.0,11_standardized
11.3,254.15126500690002,-0.09210522917185059,0.5210678203528923,-0.07795628650849419,0.0,0.0,0.0,0.0,11_standardized
11.35,254.26353847202802,-0.06938966028346322,0.59238770241654,-0.08622619785643824,0.0,0.0,0.0,0.0,11_standardized
11.4,254.4423383210883,-0.058580016056427986,0.5816065179258533,-0.0750565543363653,0.0,0.0,0.0,0.0,11_standardized
11.45,254.5159728185753,0.00926406813598316,0.6137145573626406,-0.11395724057014109,0.0,0.0,0.0,0.0,11_standardized
11.5,254.58822224359014,-0.014382790950634548,0.6991920337987305,-0.018395633428320495,0.0,0.0,0.0,0.0,11_standardized
11.55,254.62265169275213,0.033623329647819875,0.6538797702109609,-0.05629527159973515,0.0,0.0,0.0,0.0,11_standardized
11.6,254.72550798601665,0.012461330687722526,0.7754327992703912,-0.060363335303518506,0.0,0.0,0.0,0.0,11_standardized
11.65,254.69498317990275,0.059349405863986335,0.7350407688635822,-0.03255501254494757,0.0,0.0,0.0,0.0,11_standardized
11.7,254.67372300067393,0.03084687264025618,0.9126135958075495,-0.06280763215571812,0.0,0.0,0.0,0.0,11_standardized
11.75,254.57856899694139,0.14206866512302488,0.8860979102216647,-0.027342385720880286,0.0,0.0,0.0,0.0,11_standardized
11.8,254.61643210388704,0.12877507170518798,0.9813661417412315,0.17594322236179172,0.0,0.0,0.0,0.0,11_standardized
11.85,254.52067288354144,-0.31750906088985614,0.7524132171823803,-0.3092802106067946,0.0,0.0,0.0,0.0,11_standardized
11.9,254.51251108090045,-0.21223648638375556,1.158743143273215,0.04640486234918689,0.0,0.0,0.0,0.0,11_standardized
11.95,254.2648856341249,-0.5523548849708123,1.4389281486145489,-0.29002662498720766,0.0,0.0,0.0,0.0,11_standardized
12.0,254.08754675961464,-0.7407770594768274,0.8536127217221925,-0.3173473125098384,0.0,0.0,0.0,0.0,11_standardized
12.05,253.74787038936995,-0.19186802941843883,0.8108702874946851,-0.22884941006497533,0.0,0.0,0.0,0.0,11_standardized
12.1,253.65411357718642,-2.3257082306650934,3.345445462345851,-0.1372717546549391,0.0,0.0,0.0,0.0,11_standardized
12.15,253.3857955892253,-0.6928359521683826,0.7338010799356277,-0.27646067532843815,0.0,0.0,0.0,0.0,11_standardized
12.2,253.1606233011505,-0.5353431542936026,0.7383041448202269,0.07523733796582084,0.0,0.0,0.0,0.0,11_standardized
12.25,252.84950579960434,-0.6593570625219506,0.965006678670887,0.2880898775973012,0.0,0.0,0.0,0.0,11_standardized
12.3,252.50103997704687,-0.5880644540905218,0.8820689451976949,0.31034039935371033,0.0,0.0,0.0,0.0,11_standardized
12.35,252.20442434142387,-0.6209357976270123,1.0580595233560408,0.6273660642144795,0.0,0.0,0.0,0.0,11_standardized
12.4,251.84744540053572,-0.5418206056615215,0.9193566266018941,0.7695698676912557,0.0,0.0,0.0,0.0,11_standardized
12.45,251.45558190267417,-0.6558246296943643,0.7893260443247018,0.6555741940366542,0.0,0.0,0.0,0.0,11_standardized
12.5,251.0189448170699,-0.628121246036379,0.7092173107582219,0.775071771721665,0.0,0.0,0.0,0.0,11_standardized
12.55,250.3411747943469,-0.6542434429229491,0.5300888023850748,0.8246897306848948,0.0,0.0,0.0,0.0,11_standardized
12.6,249.92820964772386,-0.6663370042888703,0.406939171570095,0.8479451402916749,0.0,0.0,0.0,0.0,11_standardized
12.65,249.42739973588394,-0.7012823829762567,0.31997063863772035,0.7846967947762563,0.0,0.0,0.0,0.0,11_standardized
12.7,249.1279606820754,-0.6381149282390216,0.21665342372098656,0.68490721984743,0.0,0.0,0.0,0.0,11_standardized
12.75,248.5381110485763,-0.5968277061677538,0.23198566913235721,0.4668492190945465,0.0,0.0,0.0,0.0,11_standardized
12.8,247.99235514615395,-0.5822363665948895,0.1463161674919371,0.3936022910152463,0.0,0.0,0.0,0.0,11_standardized
12.85,247.4201453203123,-0.5864794317120883,0.15253767332156493,0.3132848656750085,0.0,0.0,0.0,0.0,11_standardized
12.9,246.98172939988743,-0.5585276478643298,0.14423218185800735,0.290361187319407,0.0,0.0,0.0,0.0,11_standardized
12.95,246.4779958280104,-0.5555151646649987,0.1697041669429487,0.2209437871931036,0.0,0.0,0.0,0.0,11_standardized
13.0,245.86967483226462,-0.5560366035768654,0.15321907584234173,0.2319921812923495,0.0,0.0,0.0,0.0,11_standardized
13.05,245.09236864919458,-0.4482553951271179,0.163468629590598,0.31608332267715267,0.0,0.0,0.0,0.0,11_standardized
13.1,244.36357366808795,-0.313793564029841,0.2631905339656929,0.4292658031917653,0.0,0.0,0.0,0.0,11_standardized
13.15,243.6173373339461,-0.34861871948941314,0.328517320825111,0.5043904858186549,0.0,0.0,0.0,0.0,11_standardized
13.2,242.85676484427086,-0.07678149955509225,0.3219739739938065,0.3763477707386825,0.0,0.0,0.0,0.0,11_standardized
13.25,242.10407341786907,0.006286494589167747,0.4398481493536474,0.4472243756270185,0.0,0.0,0.0,0.0,11_standardized
13.3,241.4171294056782,0.06893467872064697,0.4882521203630988,0.42392637004870914,0.0,0.0,0.0,0.0,11_standardized
13.35,240.75936719282413,0.045314452946292376,0.5194507678307203,0.36211229087607155,0.0,0.0,0.0,0.0,11_standardized
13.4,240.03740834065772,0.043648231794915504,0.5961643960162942,0.4178500855654101,0.0,0.0,0.0,0.0,11_standardized
13.45,239.16710382705432,-0.03038603568016749,0.6431980194539054,0.5335852338587395,0.0,0.0,0.0,0.0,11_standardized
13.5,238.40363062137078,-0.04442038082067242,0.7083644374561662,0.4862148343809007,0.0,0.0,0.0,0.0,11_standardized
13.55,237.38018406515997,-0.20071345976528251,0.587676364349885,0.5468697146329656,0.0,0.0,0.0,0.0,11_standardized
13.6,236.3262736125764,-0.33155305013720554,0.6458160887350088,0.39813671630650255,0.0,0.0,0.0,0.0,11_standardized
13.65,235.27880366276054,-0.5447451919722998,0.5844906898064979,0.31578278851982855,0.0,0.0,0.0,0.0,11_standardized
13.7,234.19162892028478,-0.6918921842375351,0.4940256508125425,0.279063217765769,0.0,0.0,0.0,0.0,11_standardized
13.75,233.15352049353348,-0.6975063231199533,0.40400202268737107,0.35218862468881856,0.0,0.0,0.0,0.0,11_standardized
13.8,232.08725628161542,-0.750268346078332,0.4104152577912979,0.5033396378977808,0.0,0.0,0.0,0.0,11_standardized
13.85,231.08524954452608,-0.6580890936436313,0.40317721657191885,0.4718315711141887,0.0,0.0,0.0,0.0,11_standardized
13.9,230.0284763039002,-0.5093746072397586,0.33232759829751973,0.6445179736790673,0.0,0.0,0.0,0.0,11_standardized
13.95,228.89592582731242,-0.4805281018462677,0.3646713950968942,0.683826580773028,0.0,0.0,0.0,0.0,11_standardized
14.0,227.9638181067798,-0.3371321492197457,0.36240551878186494,0.9078743292424939,0.0,0.0,0.0,0.0,11_standardized
14.05,226.90165956053897,-0.25578375145240345,0.46096003926981227,0.8072393660379402,0.0,0.0,0.0,0.0,11_standardized
14.1,225.80433185976676,-0.1918097427972778,0.4886265205358099,0.909938075932982,0.0,0.0,0.0,0.0,11_standardized
14.15,224.59530426741222,-0.30317471139692276,0.48968799714145356,0.8647781532629452,0.0,0.0,0.0,0.0,11_standardized
14.2,223.4086331263444,-0.4183109447941457,0.41525677260941396,0.8818619172355068,0.0,0.0,0.0,0.0,11_standardized
14.25,222.19496191113444,-0.42296568994771516,0.6584628378813635,0.7884131039618639,0.0,0.0,0.0,0.0,11_standardized
14.3,220.92662792488468,-0.40274028803462786,0.7872839396044619,0.887750518208435,0.0,0.0,0.0,0.0,11_standardized
14.35,219.6264439939564,-0.554136047069381,0.781683339103197,0.701377449177009,0.0,0.0,0.0,0.0,11_standardized
14.4,218.26289562873075,-0.6571229862467828,0.6920502806496671,0.7951733194822419,0.0,0.0,0.0,0.0,11_standardized
14.45,216.9432811295006,-0.9889278769916605,0.4737430012984328,1.1543809529634153,0.0,0.0,0.0,0.0,11_standardized
14.5,215.85943650200815,-0.2661341491367558,0.6931693596830956,0.6093234410005478,0.0,0.0,0.0,0.0,11_standardized
14.55,214.79177068580734,-1.5273588809763745,0.09676542693579561,2.3428158839012885,0.0,0.0,0.0,0.0,11_standardized
14.6,213.6679337981871,0.8779937184269836,0.9916162338922514,-0.7110781565511065,0.0,0.0,0.0,0.0,11_standardized
14.65,212.12973580581837,-2.636186503803266,-0.5062685012139819,4.858883642287861,0.0,0.0,0.0,0.0,11_standardized
14.7,210.68717728387782,2.9472171237375058,2.101135512194829,-4.017395312670102,0.0,0.0,0.0,0.0,11_standardized
14.75,209.24784912743934,-5.990894145214162,-1.8262508705615272,9.734295699167053,0.0,0.0,0.0,0.0,11_standardized
14.8,207.95971043063903,8.189999676105478,4.821549989977068,-12.192545777745833,0.0,0.0,0.0,0.0,11_standardized
14.85,206.49671018816215,-17.611304181475376,-6.187582273768203,25.146515989323568,0.0,0.0,0.0,0.0,11_standardized
14.9,204.78131493325537,63.9747069350009,18.1147713869739,-70.3728968291335,0.0,0.0,0.0,0.0,11_standardized
14.95,203.03462818378605,46.36601601584293,97.86923362237432,-32.639702779605074,0.0,0.0,0.0,0.0,11_standardized
15.0,203.6722298319195,-1.3260801786213994,-0.720603399346712,34.079791142007565,0.0,0.0,0.0,0.0,11_standardized
15.05,211.88052642591182,16.109072392166716,11.566441053206768,-18.55022735171085,0.0,0.0,0.0,0.0,11_standardized
15.1,219.1713668385747,17.589535188882753,-47.947359614950805,66.10067867984219,0.0,0.0,0.0,0.0,11_standardized
15.15,229.06503863443203,-7.103195031524323,0.9272169738491627,73.48847748900576,0.0,0.0,0.0,0.0,11_standardized
15.2,226.32760477203277,7.199671796065437,1.6699308714964785,90.07254634663569,0.0,0.0,0.0,0.0,11_standardized
15.25,224.81126527182408,-3.0380977366563,-2.410622076822519,-29.12833244747694,0.0,0.0,0.0,0.0,11_standardized
15.3,230.17386344664015,-28.47021723381324,-24.74478777672896,2.887898237110279,0.0,0.0,0.0,0.0,11_standardized
15.35,230.32829516820112,-6.511819632027777,8.21414962070089,-30.897902278248193,0.0,0.0,0.0,0.0,11_standardized
15.4,225.7403658451029,-64.6989606581745,4.5123398521701334,-43.5527896969777,0.0,0.0,0.0,0.0,11_standardized
15.45,211.45978709737193,-47.693039836961006,-23.008183885690542,-39.55293708752105,0.0,0.0,0.0,0.0,11_standardized
15.5,204.5969685609975,-16.389412158344992,2.8568308009988392,35.57202002499529,0.0,0.0,0.0,0.0,11_standardized
15.55,197.117256753609,-19.89264022398166,-32.45025255096544,57.9250134292844,0.0,0.0,0.0,0.0,11_standardized
15.6,190.49848332947397,3.275674312386475,-21.366458705364117,-21.093560759679775,0.0,0.0,0.0,0.0,11_standardized
15.65,180.7930256396914,-47.465176174520124,-21.056500855896946,-5.674376940028081,0.0,0.0,0.0,0.0,11_standardized
15.7,171.85755868229663,-75.38127677382232,-46.75297631970072,-10.702483141188887,0.0,0.0,0.0,0.0,11_standardized
15.75,170.7738833954178,-62.80270257895088,-39.50125869171398,-25.471062694845106,0.0,0.0,0.0,0.0,11_standardized
15.8,172.8135310482874,-138.99383343654216,-27.81659953983753,8.12700277858558,0.0,0.0,0.0,0.0,11_standardized
15.85,172.97043499415938,-35.70517521274253,-1.5736133757635427,-19.965647744082993,0.0,0.0,0.0,0.0,11_standardized
15.9,171.29500365855785,15.691452113179883,-27.67595660485623,10.418127844827056,0.0,0.0,0.0,0.0,11_standardized
15.95,175.23312100928993,-97.31604771989898,-59.20947108929827,-52.72526550955921,0.0,0.0,0.0,0.0,11_standardized
16.0,177.1437218695938,-121.01505424553027,-69.15422265364414,-129.13146420875515,0.0,0.0,0.0,0.0,11_standardized
16.05,182.38346716420597,-53.63019357566986,-132.25990777855728,145.4811170661508,0.0,0.0,0.0,0.0,11_standardized
16.1,181.718787112196,-155.44811780916532,70.93043987279825,2.590371560570763,0.0,0.0,0.0,0.0,11_standardized
16.15,189.5525570323833,-116.21446607619082,-31.730719633412093,-103.97831073000765,0.0,0.0,0.0,0.0,11_standardized
16.2,179.8993282992785,57.98320856276404,-15.730924660511274,60.328658915988406,0.0,0.0,0.0,0.0,11_standardized
16.25,198.2128869484206,5.0112072399304255,-18.790716168452267,-8.578898768515524,0.0,0.0,0.0,0.0,11_standardized
16.3,127.07909404409749,0.86663540054577,-67.98166553662014,-61.625090312700785,0.0,0.0,0.0,0.0,11_standardized
