t,h,P,T,ρ,a,Vx,Ax,Ay,Az,At
0.00,6.100,100.869,14.960,1.224,340.27,0.112,1.615,9.013,0.000,9.156
0.05,7.000,100.860,14.955,1.224,340.27,4.142,7.068,46.620,-4.901,47.407
0.10,8.200,100.850,14.947,1.224,340.26,9.801,6.279,196.642,-7.943,196.902
0.15,9.800,100.832,14.936,1.224,340.25,16.441,5.095,185.921,-3.028,186.016
0.20,11.600,100.801,14.925,1.224,340.25,22.31,5.303,186.510,0.675,186.586
0.25,13.700,100.784,14.911,1.223,340.24,27.104,5.052,192.566,1.629,192.639
0.30,15.200,100.751,14.901,1.223,340.23,33.188,6.207,189.674,0.316,189.776
0.35,17.100,100.729,14.889,1.223,340.23,39.17,5.166,184.902,-0.100,184.974
0.40,18.900,100.695,14.877,1.223,340.22,45.613,4.707,180.618,3.846,180.721
0.45,21.300,100.640,14.862,1.222,340.21,49.829,5.748,180.855,3.581,180.982
0.50,23.500,100.555,14.847,1.222,340.20,56.817,5.138,169.977,7.391,170.215
0.55,25.600,100.534,14.834,1.222,340.19,61.6,7.147,154.427,9.149,154.863
0.60,27.700,100.530,14.820,1.222,340.19,67.713,9.687,134.522,6.286,135.017
0.65,30.200,100.520,14.804,1.221,340.18,72.87,8.726,101.557,3.638,101.996
0.70,32.600,100.510,14.788,1.221,340.17,77.636,4.865,73.005,6.013,73.414
0.75,35.400,100.505,14.770,1.221,340.16,81.588,8.553,48.507,8.668,50.013
0.80,37.800,100.500,14.754,1.221,340.15,86.72,10.821,31.573,5.941,33.900
0.85,39.900,100.469,14.741,1.220,340.14,89.93,9.077,20.515,5.324,23.057
0.90,42.400,100.420,14.724,1.220,340.13,93.299,9.895,12.443,7.348,17.514
0.95,45.400,100.380,14.705,1.220,340.12,97.329,13.375,5.741,4.133,15.131
1.00,47.900,100.349,14.689,1.219,340.11,99.221,13.096,2.167,2.763,13.558
1.05,50.300,100.289,14.673,1.219,340.10,99.541,15.542,-1.744,3.817,16.099
1.10,52.400,100.240,14.659,1.219,340.09,98.969,26.435,-5.281,2.246,27.051
1.15,55.200,100.220,14.641,1.219,340.08,98.079,36.976,-3.645,-3.789,37.348
1.20,58.200,100.174,14.622,1.218,340.07,97.456,28.631,-2.239,-1.571,28.761
1.25,61.300,100.130,14.602,1.218,340.06,96.77,27.712,5.705,-9.651,29.894
1.30,64.300,100.115,14.582,1.217,340.05,95.991,9.960,-8.553,-0.918,13.161
1.35,67.700,100.000,14.560,1.217,340.03,95.216,10.641,-7.778,-1.808,13.305
1.40,71.000,99.990,14.539,1.217,340.02,94.445,11.086,-6.645,-2.318,13.131
1.45,74.400,99.980,14.516,1.216,340.01,93.718,7.621,-7.750,-1.672,10.997
1.50,78.000,99.970,14.493,1.216,339.99,92.957,8.575,-7.664,-1.349,11.579
1.55,81.700,99.962,14.469,1.215,339.98,92.201,9.788,-7.334,-1.500,12.322
1.60,85.600,99.897,14.444,1.215,339.96,91.45,7.965,-7.032,-1.722,10.764
1.65,90.500,99.822,14.412,1.214,339.94,90.703,8.252,-6.645,-0.983,10.640
1.70,95.400,99.771,14.380,1.214,339.93,89.969,9.149,-6.874,-1.270,11.514
1.75,100.600,99.714,14.346,1.213,339.91,89.232,7.161,-6.738,-1.672,9.974
1.80,105.200,99.657,14.316,1.213,339.89,88.498,6.874,-6.666,-1.076,9.636
1.85,109.700,99.601,14.287,1.212,339.87,87.768,7.298,-6.759,-0.861,9.984
1.90,114.600,99.540,14.255,1.212,339.85,87.042,6.659,-6.587,-1.457,9.479
1.95,119.200,99.501,14.225,1.211,339.83,86.32,7.943,-6.114,-0.883,10.063
2.00,123.400,99.440,14.198,1.211,339.82,85.603,6.831,-6.128,-0.868,9.218
2.05,127.700,99.394,14.170,1.210,339.80,84.889,5.941,-5.999,-0.574,8.463
2.10,132.000,99.334,14.142,1.210,339.79,84.18,7.542,-5.669,-0.373,9.442
2.15,136.200,99.294,14.115,1.209,339.77,83.475,7.061,-5.281,-0.753,8.850
2.20,140.500,99.250,14.087,1.209,339.75,82.773,7.312,-5.439,-0.976,9.165
2.25,144.500,99.195,14.061,1.208,339.74,82.075,6.573,-5.245,-0.653,8.435
2.30,148.700,99.145,14.033,1.208,339.72,81.381,6.781,-5.690,-0.997,8.908
2.35,152.700,99.103,14.007,1.207,339.71,80.69,6.666,-5.281,-0.373,8.513
2.40,156.700,99.058,13.981,1.207,339.69,80.002,7.032,-5.461,-0.768,8.936
2.45,160.600,99.008,13.956,1.206,339.68,79.318,6.451,-4.793,-0.997,8.098
2.50,164.600,98.957,13.930,1.206,339.66,78.638,6.056,-4.958,-0.560,7.847
2.55,168.600,98.912,13.904,1.205,339.64,77.961,6.035,-4.657,-0.596,7.646
2.60,172.500,98.869,13.879,1.205,339.63,77.288,6.085,-4.535,-0.926,7.645
2.65,176.200,98.828,13.855,1.204,339.62,76.618,6.164,-4.334,-0.459,7.549
2.70,180.100,98.777,13.829,1.204,339.60,75.952,6.128,-4.291,-0.653,7.509
2.75,183.800,98.723,13.805,1.204,339.59,75.288,5.877,-4.305,-0.596,7.309
2.80,187.500,98.689,13.781,1.203,339.57,74.628,5.741,-4.542,-0.466,7.335
2.85,191.100,98.647,13.758,1.203,339.56,73.97,5.597,-4.427,-0.466,7.152
2.90,194.800,98.607,13.734,1.202,339.54,73.315,5.554,-3.789,-0.660,6.756
2.95,198.400,98.562,13.710,1.202,339.53,72.664,4.958,-4.714,-0.502,6.860
3.00,202.100,98.519,13.686,1.201,339.52,72.015,5.475,-4.061,-0.983,6.887
3.05,205.400,98.475,13.665,1.201,339.50,71.369,5.023,-4.076,-0.100,6.469
3.10,208.800,98.436,13.643,1.201,339.49,70.727,4.485,-4.348,-0.481,6.265
3.15,212.400,98.390,13.619,1.200,339.48,70.088,5.059,-3.990,-0.517,6.463
3.20,215.800,98.365,13.597,1.200,339.46,69.451,5.346,-3.703,-0.997,6.579
3.25,219.200,98.321,13.575,1.199,339.45,68.817,4.076,-3.904,-0.502,5.666
3.30,222.500,98.276,13.554,1.199,339.44,68.186,3.789,-4.119,-0.237,5.601
3.35,225.900,98.246,13.532,1.199,339.42,67.557,4.557,-3.559,-0.387,5.795
3.40,229.200,98.201,13.510,1.198,339.41,66.931,3.566,-3.889,-0.603,5.311
3.45,232.300,98.167,13.490,1.198,339.40,66.308,3.817,-3.925,-0.517,5.500
3.50,235.300,98.121,13.471,1.198,339.39,65.687,4.334,-3.408,-0.732,5.562
3.55,238.700,98.091,13.448,1.197,339.37,65.068,3.430,-3.200,-0.158,4.694
3.60,241.700,98.055,13.429,1.197,339.36,64.452,4.313,-3.566,-1.098,5.703
3.65,244.800,98.018,13.409,1.196,339.35,63.839,4.061,-3.014,-0.675,5.102
3.70,247.800,97.982,13.389,1.196,339.34,63.228,3.215,-3.394,-0.352,4.688
3.75,250.900,97.946,13.369,1.196,339.33,62.619,3.330,-2.777,-0.560,4.372
3.80,253.900,97.915,13.350,1.195,339.32,62.013,3.358,-2.720,-0.423,4.342
3.85,256.600,97.882,13.332,1.195,339.31,61.409,3.581,-3.028,-0.524,4.719
3.90,259.700,97.843,13.312,1.195,339.29,60.808,2.684,-2.698,-0.560,3.846
3.95,262.400,97.812,13.294,1.194,339.28,60.208,2.698,-2.935,-0.344,4.001
4.00,265.200,97.783,13.276,1.194,339.27,59.611,2.777,-2.755,-0.732,3.980
4.05,267.900,97.750,13.259,1.194,339.26,59.017,2.612,-3.143,-0.172,4.090
4.10,270.700,97.718,13.240,1.193,339.25,58.424,2.605,-2.648,-0.466,3.743
4.15,273.400,97.681,13.223,1.193,339.24,57.834,2.440,-2.583,-0.689,3.619
4.20,276.100,97.644,13.205,1.193,339.23,57.245,2.124,-2.777,-0.194,3.501
4.25,278.600,97.618,13.189,1.193,339.22,56.659,2.985,-2.799,-0.574,4.132
4.30,281.300,97.595,13.172,1.192,339.21,56.074,2.842,-2.992,-0.100,4.128
4.35,283.800,97.567,13.155,1.192,339.20,55.492,2.834,-2.626,-0.918,3.972
4.40,286.500,97.539,13.138,1.192,339.19,54.911,2.511,-2.583,0.007,3.603
4.45,289.000,97.503,13.122,1.191,339.18,54.332,1.155,-2.418,0.560,2.738
4.50,291.400,97.475,13.106,1.191,339.17,53.756,3.071,-2.318,-0.294,3.859
4.55,293.500,97.447,13.092,1.191,339.16,53.181,2.067,-2.318,0.029,3.105
4.60,296.000,97.426,13.076,1.191,339.15,52.608,1.866,-2.382,-0.344,3.045
4.65,298.100,97.391,13.062,1.190,339.15,52.037,1.672,-2.268,-0.423,2.849
4.70,300.500,97.357,13.047,1.190,339.14,51.468,1.801,-2.526,0.423,3.131
4.75,302.700,97.340,13.032,1.190,339.13,50.901,1.844,-2.361,0.144,2.999
4.80,305.100,97.321,13.017,1.190,339.12,50.335,2.569,-2.203,-0.689,3.453
4.85,307.200,97.302,13.003,1.189,339.11,49.771,2.684,-2.110,0.022,3.414
4.90,309.400,97.265,12.989,1.189,339.10,49.209,1.937,-2.110,-0.596,2.926
4.95,311.500,97.240,12.975,1.189,339.09,48.649,2.095,-1.995,0.373,2.917
5.00,313.300,97.220,12.964,1.189,339.09,48.09,1.973,-1.894,-0.029,2.736
5.05,315.500,97.192,12.949,1.188,339.08,47.533,1.629,-1.629,-0.574,2.374
5.10,317.300,97.166,12.938,1.188,339.07,46.977,1.787,-2.031,0.122,2.708
5.15,319.400,97.147,12.924,1.188,339.06,46.423,1.894,-2.038,-0.344,2.804
5.20,321.300,97.128,12.912,1.188,339.06,45.87,1.378,-1.686,-0.043,2.178
5.25,323.100,97.108,12.900,1.187,339.05,45.318,1.292,-1.780,-0.517,2.259
5.30,324.900,97.084,12.888,1.187,339.04,44.768,1.607,-1.686,-0.022,2.330
5.35,326.700,97.067,12.876,1.187,339.04,44.22,1.672,-1.866,0.194,2.513
5.40,328.600,97.041,12.864,1.187,339.03,43.673,1.478,-1.636,0.086,2.207
5.45,330.400,97.025,12.852,1.187,339.02,43.127,1.729,-1.665,-0.043,2.401
5.50,332.200,97.005,12.841,1.186,339.01,42.583,2.167,-1.787,0.287,2.823
5.55,333.800,96.984,12.830,1.186,339.01,42.041,1.234,-1.363,0.158,1.846
5.60,335.600,96.961,12.819,1.186,339.00,41.5,1.320,-1.435,-0.122,1.954
5.65,337.100,96.943,12.809,1.186,339.00,40.96,1.134,-1.213,-0.172,1.669
5.70,338.900,96.923,12.797,1.186,338.99,40.422,1.693,-1.306,0.258,2.154
5.75,340.500,96.903,12.787,1.185,338.98,39.885,1.249,-1.363,0.086,1.851
5.80,342.300,96.884,12.775,1.185,338.98,39.349,1.270,-1.263,-0.237,1.807
5.85,343.800,96.869,12.765,1.185,338.97,38.815,1.378,-1.270,-0.431,1.923
5.90,345.300,96.848,12.756,1.185,338.96,38.281,0.940,-1.442,-0.079,1.723
5.95,346.900,96.829,12.745,1.185,338.96,37.749,0.904,-1.033,-0.330,1.412
6.00,348.400,96.816,12.735,1.185,338.95,37.219,0.832,-1.191,-0.423,1.514
6.05,349.900,96.790,12.726,1.184,338.95,36.689,1.571,-1.571,0.524,2.283
6.10,351.400,96.783,12.716,1.184,338.94,36.16,0.517,-1.521,0.316,1.637
6.15,352.700,96.768,12.707,1.184,338.94,35.633,1.636,-1.557,0.344,2.285
6.20,354.200,96.748,12.698,1.184,338.93,35.107,0.847,-1.098,-0.136,1.393
6.25,355.700,96.731,12.688,1.184,338.92,34.582,0.675,-1.134,-0.294,1.352
6.30,356.900,96.715,12.680,1.184,338.92,34.057,0.962,-0.962,0.022,1.360
6.35,358.100,96.699,12.672,1.183,338.92,33.534,1.098,-1.040,0.122,1.517
6.40,359.400,96.682,12.664,1.183,338.91,33.012,0.617,-0.918,0.466,1.201
6.45,360.900,96.669,12.654,1.183,338.90,32.491,1.636,-0.926,0.144,1.885
6.50,362.100,96.655,12.646,1.183,338.90,31.971,0.753,-0.976,0.079,1.235
6.55,363.300,96.641,12.639,1.183,338.90,31.451,1.055,-1.005,0.502,1.541
6.60,364.500,96.628,12.631,1.183,338.89,30.933,1.040,-0.883,0.258,1.389
6.65,365.500,96.617,12.624,1.183,338.89,30.416,1.234,-0.962,0.122,1.569
6.70,366.700,96.605,12.616,1.182,338.88,29.9,0.775,-0.883,0.122,1.181
6.75,367.600,96.589,12.611,1.182,338.88,29.385,0.804,-1.579,-0.007,1.771
6.80,368.500,96.575,12.605,1.182,338.87,28.87,0.201,0.481,0.194,0.556
6.85,369.400,96.561,12.599,1.182,338.87,28.357,0.524,-0.861,0.122,1.015
6.90,370.300,96.558,12.593,1.182,338.87,27.844,0.746,-0.926,0.230,1.211
6.95,371.200,96.553,12.587,1.182,338.86,27.332,0.775,-0.926,0.273,1.238
7.00,372.200,96.544,12.581,1.182,338.86,26.821,0.746,-0.789,0.502,1.197
7.05,373.100,96.539,12.575,1.182,338.86,26.311,0.976,-0.696,0.524,1.308
7.10,373.700,96.527,12.571,1.182,338.85,25.802,0.352,-0.804,0.768,1.166
7.15,374.600,96.510,12.565,1.182,338.85,25.293,0.631,-0.775,0.861,1.319
7.20,375.500,96.508,12.559,1.181,338.85,24.785,0.732,-0.696,0.373,1.077
7.25,376.100,96.490,12.555,1.181,338.85,24.278,0.660,-0.940,0.545,1.272
7.30,377.000,96.485,12.550,1.181,338.84,23.772,0.811,-0.603,0.459,1.110
7.35,378.000,96.471,12.543,1.181,338.84,23.266,0.890,-0.746,0.538,1.280
7.40,378.600,96.461,12.539,1.181,338.84,22.761,0.710,-0.804,0.387,1.140
7.45,379.500,96.453,12.533,1.181,338.83,22.257,0.825,-0.804,0.387,1.215
7.50,380.100,96.444,12.529,1.181,338.83,21.753,0.753,-0.402,0.273,0.896
7.55,381.000,96.436,12.524,1.181,338.83,21.25,0.832,-0.639,0.545,1.182
7.60,381.600,96.428,12.520,1.181,338.82,20.748,0.710,-0.890,0.251,1.166
7.65,382.500,96.425,12.514,1.181,338.82,20.246,0.746,-0.689,0.409,1.095
7.70,383.100,96.411,12.510,1.181,338.82,19.745,0.524,-0.718,0.179,0.906
7.75,383.700,96.406,12.506,1.181,338.82,19.244,0.768,-0.689,0.158,1.044
7.80,384.400,96.401,12.501,1.180,338.81,18.744,0.581,-0.344,0.294,0.737
7.85,385.000,96.394,12.498,1.180,338.81,18.244,0.603,-0.603,0.230,0.883
7.90,385.600,96.390,12.494,1.180,338.81,17.745,0.789,-0.402,0.230,0.915
7.95,386.200,96.371,12.490,1.180,338.81,17.247,0.603,-0.316,0.423,0.801
8.00,386.800,96.369,12.486,1.180,338.80,16.749,0.409,-0.524,0.387,0.769
8.05,387.400,96.355,12.482,1.180,338.80,16.251,0.158,-0.710,0.115,0.737
8.10,387.700,96.351,12.480,1.180,338.80,15.754,0.466,-0.825,0.201,0.969
8.15,388.300,96.347,12.476,1.180,338.80,15.257,0.373,-0.639,0.352,0.819
8.20,388.600,96.345,12.474,1.180,338.80,14.761,0.387,-0.596,0.409,0.820
8.25,388.900,96.342,12.472,1.180,338.80,14.265,0.409,-0.631,0.387,0.846
8.30,389.200,96.339,12.470,1.180,338.80,13.77,0.258,-0.603,0.832,1.060
8.35,389.500,96.338,12.468,1.180,338.79,13.275,0.402,-0.617,0.466,0.872
8.40,389.800,96.337,12.466,1.180,338.79,12.781,0.581,-0.631,0.466,0.977
8.45,389.800,96.335,12.466,1.180,338.79,12.287,0.660,-0.524,0.545,1.004
8.50,390.100,96.334,12.464,1.180,338.79,11.793,0.481,-0.617,0.144,0.795
8.55,390.400,96.332,12.462,1.180,338.79,11.299,0.675,-0.524,0.596,1.041
8.60,390.400,96.330,12.462,1.180,338.79,10.806,0.524,-0.746,0.373,0.985
8.65,390.800,96.323,12.460,1.180,338.79,10.313,0.545,-0.718,0.144,0.913
8.70,390.800,96.320,12.460,1.180,338.79,9.82,0.387,-0.710,0.079,0.813
8.75,391.100,96.318,12.458,1.180,338.79,9.328,0.402,-0.581,0.481,0.855
8.80,391.100,96.317,12.458,1.180,338.79,8.836,0.179,-0.409,0.287,0.531
8.85,391.400,96.316,12.456,1.180,338.79,8.344,0.230,-0.423,0.466,0.670
8.90,391.400,96.315,12.456,1.180,338.79,7.852,0.273,-0.639,0.179,0.717
8.95,391.400,96.314,12.456,1.180,338.79,7.361,0.122,-0.847,0.086,0.860
9.00,391.400,96.313,12.456,1.180,338.79,6.869,0.344,-0.409,0.309,0.617
9.05,391.400,96.312,12.456,1.180,338.79,6.378,0.215,-0.581,0.273,0.677
9.10,391.400,96.313,12.456,1.180,338.79,5.887,0.330,-0.689,0.330,0.832
9.15,391.400,96.316,12.456,1.180,338.79,5.397,0.194,-0.653,0.287,0.739
9.20,391.400,96.317,12.456,1.180,338.79,4.906,0.201,-0.753,0.466,0.909
9.25,391.400,96.318,12.456,1.180,338.79,4.416,0.043,-0.538,0.144,0.559
9.30,391.100,96.320,12.458,1.180,338.79,3.926,0.201,-0.617,0.251,0.696
9.35,391.100,96.322,12.458,1.180,338.79,3.436,0.158,-0.574,-0.201,0.628
9.40,390.800,96.323,12.460,1.180,338.79,2.946,0.179,-0.732,0.079,0.758
9.45,390.800,96.324,12.460,1.180,338.79,2.456,0.237,-0.502,0.158,0.577
9.50,390.400,96.325,12.462,1.180,338.79,1.966,0.230,-1.091,0.100,1.119
9.55,390.100,96.330,12.464,1.180,338.79,1.476,0.086,-0.445,0.366,0.582
9.60,389.900,96.340,12.466,1.180,338.79,0.987,0.029,-1.091,0.086,1.094
9.65,389.600,96.341,12.468,1.180,338.79,0.497,0.581,-0.517,0.775,1.098
9.70,389.500,96.342,12.468,1.180,338.79,0.007,0.445,-0.409,0.373,0.710
9.75,389.400,96.347,12.469,1.180,338.79,0.482,0.344,-0.574,0.883,1.108
9.80,389.300,96.355,12.470,1.180,338.79,1.482,0.258,-0.660,0.746,1.029
9.85,389.350,96.365,12.469,1.180,338.79,1.482,0.022,-0.502,0.459,0.681
9.90,389.200,96.370,12.470,1.180,338.80,2.482,8.941,4.155,-31.716,33.213
9.95,388.600,96.375,12.474,1.180,338.80,2.482,29.513,14.875,33.991,47.410
10.00,388.600,96.380,12.474,1.180,338.80,3.482,47.022,19.582,-9.379,51.793
10.05,388.300,96.385,12.476,1.180,338.80,3.482,93.865,-82.613,70.056,143.330
10.10,389.200,96.390,12.470,1.180,338.80,3.482,24.139,-8.482,-20.149,32.567
10.15,389.100,96.395,12.471,1.180,338.80,4.481,0.115,-0.481,8.352,8.367
10.20,389.050,96.400,12.471,1.180,338.80,4.481,1.155,14.839,6.975,16.437
10.25,388.950,96.402,12.472,1.180,338.80,4.481,48.938,-5.382,2.547,49.299
10.30,388.920,96.405,12.472,1.180,338.80,5.48,4.305,-37.112,-9.651,38.588
10.35,388.900,96.407,12.472,1.180,338.80,5.48,74.534,-1.292,40.535,84.853
10.40,388.600,96.409,12.474,1.180,338.80,5.48,28.918,-6.092,-0.926,29.567
10.45,388.000,96.412,12.478,1.180,338.80,6.476,7.427,-4.844,5.418,10.391
10.50,387.700,96.415,12.480,1.180,338.80,6.476,6.150,1.787,8.467,10.616
10.55,387.400,96.416,12.482,1.180,338.80,6.476,0.545,1.263,8.941,9.046
10.60,387.400,96.417,12.482,1.180,338.80,6.476,5.597,-3.050,4.851,8.010
10.65,386.800,96.418,12.486,1.180,338.80,7.466,6.759,-6.056,0.086,9.076
10.70,386.200,96.419,12.490,1.180,338.81,7.466,4.176,-1.055,-12.974,13.670
10.75,385.300,96.420,12.496,1.180,338.81,7.466,8.955,2.569,-2.913,9.761
10.80,384.400,96.421,12.501,1.180,338.81,7.466,16.540,5.669,8.367,19.383
10.85,383.400,96.422,12.508,1.181,338.82,7.466,0.962,1.091,2.985,3.320
10.90,382.800,96.423,12.512,1.181,338.82,7.466,2.526,-9.615,-6.487,11.871
10.95,381.900,96.424,12.518,1.181,338.82,7.466,0.287,-5.748,-8.080,9.920
11.00,381.300,96.428,12.522,1.181,338.83,7.466,0.366,-3.330,-1.249,3.575
11.05,380.700,96.431,12.525,1.181,338.83,8.214,11.388,-6.968,-7.147,15.143
11.10,380.100,96.435,12.529,1.181,338.83,8.214,10.340,-4.865,-6.322,13.060
11.15,379.200,96.443,12.535,1.181,338.83,8.214,1.342,-3.559,-2.555,4.582
11.20,378.600,96.451,12.539,1.181,338.84,8.214,0.617,-6.264,0.811,6.347
11.25,378.000,96.469,12.543,1.181,338.84,8.214,30.504,-2.318,-1.514,30.629
11.30,377.300,96.476,12.548,1.181,338.84,8.214,11.639,-2.418,2.662,12.182
11.35,376.700,96.478,12.551,1.181,338.84,8.214,4.248,0.100,4.427,6.137
11.40,376.100,96.494,12.555,1.181,338.85,8.214,2.741,-5.346,3.739,7.076
11.45,375.500,96.503,12.559,1.181,338.85,8.179,1.234,-6.164,1.858,6.555
11.50,374.900,96.509,12.563,1.182,338.85,8.179,0.653,-6.587,-0.768,6.664
11.55,374.300,96.517,12.567,1.182,338.85,8.179,0.179,-4.327,-0.789,4.402
11.60,373.700,96.523,12.571,1.182,338.85,8.179,0.251,-2.555,-0.538,2.623
11.65,373.400,96.528,12.573,1.182,338.86,8.179,0.789,-1.213,-0.172,1.457
11.70,373.100,96.538,12.575,1.182,338.86,8.179,9.400,1.055,-13.074,16.137
11.75,372.800,96.548,12.577,1.182,338.86,8.179,11.294,-1.112,-9.249,14.641
11.80,372.500,96.575,12.579,1.182,338.86,8.179,3.925,-0.043,-8.654,9.502
11.85,371.900,96.577,12.583,1.182,338.86,8.179,3.868,-1.751,-8.726,9.704
11.90,370.600,96.579,12.591,1.182,338.87,8.177,3.408,-7.506,-5.403,9.856
11.95,369.100,96.581,12.601,1.182,338.87,8.177,5.324,-9.996,-3.645,11.897
12.00,367.900,96.584,12.609,1.182,338.88,8.177,1.320,-4.277,-1.672,4.778
12.05,366.400,96.586,12.618,1.182,338.88,8.177,10.304,1.837,-0.904,10.506
12.10,365.500,96.600,12.624,1.183,338.89,8.177,6.379,1.729,8.230,10.556
12.15,364.500,96.608,12.631,1.183,338.89,8.177,2.741,1.780,9.953,10.475
12.20,363.600,96.676,12.637,1.183,338.89,8.177,0.158,-0.459,6.874,6.891
12.25,363.600,96.730,12.637,1.183,338.89,8.177,0.481,0.373,3.164,3.222
12.30,363.300,96.747,12.639,1.183,338.90,8.176,1.858,-1.213,4.406,4.933
12.35,363.000,96.717,12.641,1.183,338.90,8.176,0.366,-0.890,1.464,1.752
12.40,362.400,96.721,12.644,1.183,338.90,8.176,1.385,0.179,2.763,3.096
12.45,361.500,96.723,12.650,1.183,338.90,8.176,4.442,0.524,7.355,8.608
12.50,361.200,96.729,12.652,1.183,338.90,8.176,1.722,0.775,2.956,3.508
12.55,361.100,96.733,12.653,1.183,338.90,8.176,0.387,0.294,3.753,3.784
12.60,360.970,96.738,12.654,1.183,338.90,8.176,0.502,3.186,2.088,3.842
12.65,360.940,96.740,12.654,1.183,338.90,8.176,0.847,2.605,4.650,5.397
12.70,360.900,96.742,12.654,1.183,338.90,8.173,2.662,3.624,6.487,7.893
12.75,360.600,96.745,12.656,1.183,338.91,8.173,0.617,2.662,9.989,10.356
12.80,360.000,96.748,12.660,1.183,338.91,8.173,8.252,2.784,15.413,17.704
12.85,359.400,96.752,12.664,1.183,338.91,8.173,6.975,0.811,9.113,11.504
12.90,357.800,96.756,12.674,1.183,338.92,8.173,0.883,-3.014,2.490,4.008
12.95,356.300,96.758,12.684,1.184,338.92,8.173,4.004,-11.775,-8.503,15.066
13.00,354.800,96.763,12.694,1.184,338.93,8.173,2.820,2.583,13.131,13.677
13.05,353.300,96.788,12.704,1.184,338.93,8.173,25.918,-5.863,-26.119,37.261
13.10,351.700,96.792,12.714,1.184,338.94,8.173,21.778,-11.682,1.765,24.776
13.15,350.200,96.796,12.724,1.184,338.95,8.176,19.216,-6.315,6.221,21.162
13.20,348.700,96.808,12.733,1.185,338.95,8.176,14.875,-3.559,7.434,17.006
13.25,347.800,96.817,12.739,1.185,338.95,8.176,15.772,-5.231,2.720,16.838
13.30,346.900,96.834,12.745,1.185,338.96,8.176,19.403,-10.419,1.780,22.095
13.35,345.900,96.857,12.752,1.185,338.96,8.176,10.591,-8.518,-0.215,13.593
13.40,345.000,96.878,12.758,1.185,338.97,8.176,5.920,-4.334,-0.753,7.375
13.45,344.100,96.883,12.763,1.185,338.97,8.176,8.324,-4.564,-1.615,9.629
13.50,343.200,96.884,12.769,1.185,338.97,8.176,7.147,-4.600,0.660,8.525
13.55,342.000,96.886,12.777,1.185,338.98,8.174,7.678,-4.865,1.234,9.173
13.60,340.500,96.890,12.787,1.185,338.98,8.174,6.394,-5.166,0.746,8.254
13.65,339.200,96.903,12.795,1.186,338.99,8.174,6.429,-6.429,1.191,9.170
13.70,338.000,96.921,12.803,1.186,338.99,8.174,8.927,-8.159,0.251,12.096
13.75,337.400,96.925,12.807,1.186,338.99,8.174,6.630,-6.257,-2.382,9.423
13.80,336.800,96.929,12.811,1.186,339.00,8.174,6.544,-8.460,-3.961,11.406
13.85,336.200,96.970,12.815,1.186,339.00,8.174,14.638,-15.442,-7.434,22.539
13.90,335.600,97.032,12.819,1.186,339.00,8.174,1.442,-10.075,-6.358,12.000
13.95,335.300,97.052,12.821,1.186,339.00,8.174,3.301,-13.820,-7.714,16.168
14.00,334.400,97.062,12.826,1.186,339.01,8.173,14.208,-15.980,-6.451,22.335
14.05,333.800,97.066,12.830,1.186,339.01,8.173,11.043,-11.366,-0.753,15.866
14.10,333.500,97.073,12.832,1.186,339.01,8.173,9.931,-8.675,1.571,13.280
14.15,332.800,97.080,12.837,1.186,339.01,8.173,10.706,-8.840,2.799,14.163
14.20,331.900,97.095,12.843,1.186,339.02,8.173,5.941,-5.934,4.155,9.369
14.25,331.600,97.105,12.845,1.186,339.02,8.173,2.583,-2.899,6.142,7.267
14.30,331.600,97.108,12.845,1.186,339.02,8.173,8.410,-1.937,5.999,10.510
14.35,331.300,97.111,12.847,1.187,339.02,8.173,10.936,-2.698,3.681,11.850
14.40,330.400,97.114,12.852,1.187,339.02,8.172,5.059,1.493,3.121,6.129
14.45,329.800,97.116,12.856,1.187,339.02,8.172,2.181,3.028,0.100,3.733
14.50,328.900,97.119,12.862,1.187,339.03,8.172,0.825,6.609,-0.402,6.672
14.55,328.000,97.121,12.868,1.187,339.03,8.172,5.382,6.437,-2.246,8.685
14.60,326.700,97.123,12.876,1.187,339.04,8.172,9.443,-3.315,-0.689,10.032
14.65,326.100,97.135,12.880,1.187,339.04,8.172,8.596,0.251,-2.605,8.986
14.70,325.200,97.157,12.886,1.187,339.04,8.172,8.230,-1.708,-1.650,8.566
14.75,324.300,97.169,12.892,1.187,339.05,8.172,3.810,-2.784,-2.533,5.356
14.80,323.400,97.181,12.898,1.187,339.05,8.168,7.735,-0.007,-3.925,8.674
14.85,322.200,97.194,12.906,1.188,339.05,8.168,10.046,-4.219,-4.363,11.737
14.90,321.000,97.201,12.914,1.188,339.06,8.168,10.534,-3.911,-4.061,11.948
14.95,319.400,97.215,12.924,1.188,339.06,8.168,4.191,2.038,2.590,5.331
15.00,318.500,97.221,12.930,1.188,339.07,8.168,9.013,4.248,3.530,10.571
15.05,318.200,97.229,12.932,1.188,339.07,8.168,12.170,-2.433,7.025,14.261
15.10,317.300,97.234,12.938,1.188,339.07,8.168,2.590,-5.898,5.016,8.165
15.15,316.700,97.264,12.941,1.188,339.07,8.168,1.894,-5.611,-3.703,6.985
15.20,315.800,97.293,12.947,1.188,339.08,8.168,0.904,-1.213,-9.228,9.351
15.25,314.200,97.301,12.958,1.188,339.08,8.168,23.852,2.612,-9.328,25.744
15.30,313.000,97.313,12.966,1.189,339.09,8.169,16.533,3.473,-5.827,17.870
15.35,312.400,97.326,12.969,1.189,339.09,8.169,11.452,1.320,-0.918,11.565
15.40,311.200,97.339,12.977,1.189,339.10,8.169,16.963,0.502,-0.158,16.971
15.45,310.600,97.346,12.981,1.189,339.10,8.169,12.543,4.736,-1.119,13.454
15.50,310.600,97.359,12.981,1.189,339.10,8.169,9.666,2.992,-5.310,11.427
15.55,310.600,97.363,12.981,1.189,339.10,8.169,4.040,0.194,-7.125,8.193
15.60,310.000,97.371,12.985,1.189,339.10,8.169,3.107,-2.440,-6.472,7.583
15.65,309.400,97.390,12.989,1.189,339.10,8.169,10.247,-5.726,-0.022,11.738
15.70,308.800,97.397,12.993,1.189,339.11,8.169,1.937,-3.050,4.485,5.759
15.75,307.800,97.412,12.999,1.189,339.11,8.168,3.373,-1.098,8.195,8.929
15.80,306.900,97.419,13.005,1.189,339.11,8.168,8.159,-0.861,8.582,11.873
15.85,306.300,97.426,13.009,1.189,339.11,8.168,11.373,-0.215,4.635,12.284
15.90,306.300,97.433,13.009,1.189,339.11,8.168,12.945,3.164,1.923,13.464
15.95,306.000,97.440,13.011,1.189,339.12,8.168,7.506,6.336,0.409,9.831
16.00,304.800,97.447,13.019,1.190,339.12,8.168,6.429,6.738,-1.593,9.449
16.05,302.700,97.450,13.032,1.190,339.13,8.168,4.564,7.355,-1.119,8.728
16.10,301.100,97.453,13.043,1.190,339.13,8.168,9.501,3.717,3.236,10.703
16.15,300.200,97.459,13.049,1.190,339.14,8.167,12.213,1.019,6.666,13.951
16.20,299.600,97.461,13.053,1.190,339.14,8.167,12.959,-5.281,8.582,16.416
16.25,298.700,97.463,13.058,1.190,339.14,8.167,4.922,-8.266,5.970,11.323
16.30,297.800,97.465,13.064,1.190,339.15,8.167,6.917,-4.750,-4.248,9.405
16.35,296.900,97.475,13.070,1.190,339.15,8.167,8.769,0.309,-6.530,10.937
16.40,295.400,97.482,13.080,1.191,339.16,8.167,12.177,2.411,-3.990,13.039
16.45,293.800,97.494,13.090,1.191,339.16,8.167,12.744,0.194,-3.660,13.260
16.50,292.600,97.512,13.098,1.191,339.17,8.167,8.467,5.288,1.729,10.132
16.55,291.100,97.519,13.108,1.191,339.17,8.165,12.156,4.844,0.079,13.085
16.60,289.900,97.521,13.116,1.191,339.18,8.165,13.670,5.669,-1.844,14.913
16.65,289.300,97.528,13.120,1.191,339.18,8.165,6.795,3.107,-4.908,8.940
16.70,289.000,97.532,13.122,1.191,339.18,8.165,14.875,-1.923,-1.729,15.098
16.75,288.600,97.564,13.124,1.191,339.18,8.165,18.850,-0.309,-1.213,18.892
16.80,287.700,97.568,13.130,1.192,339.19,8.165,10.950,-0.316,1.435,11.048
16.85,286.200,97.571,13.140,1.192,339.19,8.165,22.087,-2.074,-4.592,22.654
16.90,284.700,97.581,13.149,1.192,339.20,8.165,12.199,-3.559,-0.696,12.726
16.95,283.500,97.585,13.157,1.192,339.20,8.165,12.213,-1.880,-0.022,12.357
17.00,282.200,97.587,13.166,1.192,339.21,8.164,14.351,-8.230,7.463,18.149
17.05,281.300,97.590,13.172,1.192,339.21,8.164,16.310,-1.457,4.693,17.034
17.10,280.700,97.597,13.175,1.192,339.21,8.164,18.183,-2.834,-5.475,19.200
17.15,280.100,97.600,13.179,1.192,339.22,8.164,8.467,-4.506,-4.521,10.604
17.20,279.200,97.615,13.185,1.193,339.22,8.164,23.766,-12.457,-5.841,27.461
17.25,278.600,97.643,13.189,1.193,339.22,8.164,15.736,-10.491,-6.803,20.099
17.30,277.700,97.659,13.195,1.193,339.22,8.164,11.424,-8.883,1.134,14.516
17.35,276.800,97.664,13.201,1.193,339.23,8.164,10.067,-1.615,-7.125,12.439
17.40,276.100,97.667,13.205,1.193,339.23,8.162,6.437,1.385,-4.291,7.859
17.45,275.500,97.678,13.209,1.193,339.23,8.162,9.056,-0.560,-4.334,10.055
17.50,274.900,97.688,13.213,1.193,339.24,8.162,8.862,-2.468,-1.952,9.404
17.55,274.300,97.699,13.217,1.193,339.24,8.162,6.200,-1.650,2.203,6.783
17.60,273.700,97.700,13.221,1.193,339.24,8.162,5.540,-3.602,2.526,7.074
17.65,273.100,97.701,13.225,1.193,339.24,8.162,2.476,-5.568,1.952,6.399
17.70,272.800,97.702,13.227,1.193,339.24,8.162,1.952,-5.597,-1.177,6.043
17.75,272.200,97.703,13.231,1.193,339.25,8.162,7.656,-4.772,-6.587,11.171
17.80,271.900,97.705,13.233,1.193,339.25,8.162,7.987,-2.246,-5.554,9.984
17.85,271.600,97.706,13.235,1.193,339.25,8.162,6.989,0.316,-3.028,7.623
17.90,271.300,97.721,13.237,1.193,339.25,8.162,5.037,-0.445,-1.579,5.298
17.95,270.700,97.733,13.240,1.193,339.25,8.162,4.592,-0.373,-1.478,4.839
18.00,270.100,97.735,13.244,1.194,339.25,8.162,4.793,0.172,-2.784,5.546
18.05,269.400,97.740,13.249,1.194,339.26,8.162,5.059,2.662,-2.052,6.074
18.10,268.800,97.747,13.253,1.194,339.26,8.162,4.879,4.478,0.330,6.631
18.15,268.500,97.748,13.255,1.194,339.26,8.162,5.174,5.152,3.007,7.896
18.20,268.200,97.750,13.257,1.194,339.26,8.162,4.621,5.166,5.224,8.680
18.25,267.900,97.759,13.259,1.194,339.26,8.161,4.966,4.600,5.819,8.926
18.30,267.600,97.780,13.261,1.194,339.26,8.161,5.166,2.928,5.863,8.345
18.35,267.300,97.772,13.263,1.194,339.26,8.161,9.874,-1.880,4.463,10.998
18.40,266.700,97.780,13.266,1.194,339.27,8.161,11.007,-6.264,2.956,13.006
18.45,265.800,97.795,13.272,1.194,339.27,8.161,9.185,-6.092,4.384,11.862
18.50,265.200,97.804,13.276,1.194,339.27,8.161,2.928,-2.755,5.784,7.044
18.55,264.600,97.812,13.280,1.194,339.28,8.161,0.631,-5.575,3.602,6.668
18.60,264.000,97.819,13.284,1.194,339.28,8.161,0.423,-5.712,2.124,6.109
18.65,263.000,97.825,13.291,1.194,339.28,8.159,0.825,-6.817,0.926,6.929
18.70,262.100,97.832,13.296,1.194,339.28,8.159,1.284,-7.319,-0.100,7.432
18.75,260.900,97.852,13.304,1.195,339.29,8.159,0.086,-7.334,-2.705,7.817
18.80,259.700,97.861,13.312,1.195,339.29,8.159,0.115,-7.699,-0.997,7.765
18.85,258.200,97.875,13.322,1.195,339.30,8.159,0.825,-7.506,2.834,8.065
18.90,256.600,97.881,13.332,1.195,339.31,8.159,2.131,-5.532,5.827,8.313
18.95,254.500,97.900,13.346,1.195,339.31,8.159,3.911,-2.282,7.951,9.149
19.00,252.100,97.915,13.361,1.196,339.32,8.159,2.856,5.726,8.496,10.636
19.05,250.200,97.945,13.374,1.196,339.33,8.158,0.775,6.286,6.738,9.247
19.10,248.700,97.953,13.383,1.196,339.34,8.158,0.136,1.980,1.550,2.519
19.15,247.500,97.969,13.391,1.196,339.34,8.158,14.839,-3.215,22.072,26.790
19.20,246.300,98.010,13.399,1.196,339.35,8.158,6.415,3.179,0.057,7.160
19.25,245.100,98.063,13.407,1.196,339.35,8.158,11.259,7.434,16.138,21.035
19.30,243.800,98.149,13.415,1.197,339.36,8.158,18.226,-2.318,14.567,23.447
19.35,242.600,98.152,13.423,1.197,339.36,8.158,11.768,15.141,9.264,21.297
19.40,241.400,98.154,13.431,1.197,339.36,8.158,15.040,14.875,-1.249,21.190
19.45,240.200,98.156,13.439,1.197,339.37,8.158,9.859,7.563,-3.164,12.823
19.50,239.000,98.158,13.447,1.197,339.37,8.157,10.964,3.200,-3.430,11.926
19.55,238.000,98.161,13.453,1.197,339.38,8.157,17.796,0.230,-2.203,17.933
19.60,237.400,98.163,13.457,1.197,339.38,8.157,10.649,1.808,1.327,10.882
19.65,237.200,98.165,13.458,1.197,339.38,8.157,10.950,0.868,2.626,11.294
19.70,237.050,98.167,13.459,1.197,339.38,8.157,23.565,2.167,7.161,24.724
19.75,236.900,98.170,13.460,1.197,339.38,8.157,22.280,1.327,8.805,23.994
19.80,236.700,98.173,13.461,1.197,339.38,8.157,17.645,4.219,6.702,19.341
19.85,236.500,98.176,13.463,1.197,339.38,8.157,26.177,13.383,13.340,32.284
19.90,235.600,98.179,13.469,1.198,339.39,8.155,9.666,6.221,7.577,13.768
19.95,234.700,98.182,13.474,1.198,339.39,8.155,13.878,4.922,12.715,19.455
20.00,233.800,98.185,13.480,1.198,339.39,8.155,10.103,-6.429,4.277,12.716
20.05,232.300,98.189,13.490,1.198,339.40,8.155,9.931,-11.947,-1.837,15.644
20.10,231.300,98.193,13.497,1.198,339.40,8.155,14.323,-6.623,0.115,15.780
20.15,230.400,98.197,13.502,1.198,339.41,8.155,16.461,1.098,6.681,17.799
20.20,229.500,98.201,13.508,1.198,339.41,8.155,13.993,5.518,3.853,15.527
20.25,228.600,98.236,13.514,1.198,339.41,8.155,14.409,3.581,5.052,15.683
20.30,227.100,98.283,13.524,1.199,339.42,8.154,12.708,6.228,4.506,14.852
20.35,225.900,98.311,13.532,1.199,339.42,8.154,65.901,15.693,2.877,67.805
20.40,224.600,98.321,13.540,1.199,339.43,8.154,61.639,15.184,-0.309,63.482
20.45,223.100,98.334,13.550,1.199,339.43,8.154,32.900,19.977,8.044,39.322
20.50,222.200,98.342,13.556,1.199,339.44,8.154,41.640,3.071,3.143,41.872
20.55,221.600,98.349,13.560,1.199,339.44,8.154,37.529,1.923,8.037,38.428
20.60,220.700,98.358,13.565,1.199,339.44,8.154,5.439,-0.538,16.676,17.549
20.65,220.400,98.360,13.567,1.199,339.45,8.154,9.536,6.781,2.662,12.001
20.70,219.800,98.362,13.571,1.199,339.45,8.154,8.467,17.107,8.919,21.069
20.75,219.200,98.363,13.575,1.199,339.45,8.149,16.956,20.178,1.916,26.426
20.80,218.500,98.370,13.580,1.200,339.45,8.149,14.818,11.180,10.584,21.368
20.85,217.600,98.375,13.586,1.200,339.46,8.149,17.265,1.650,1.902,17.447
20.90,216.700,98.382,13.591,1.200,339.46,8.149,14.681,1.980,-2.533,15.029
20.95,215.500,98.387,13.599,1.200,339.46,8.149,13.806,0.639,-1.995,13.964
21.00,214.600,98.391,13.605,1.200,339.47,8.149,16.655,3.523,6.114,18.088
21.05,214.000,98.392,13.609,1.200,339.47,8.149,17.171,5.575,4.851,18.694
21.10,213.700,98.404,13.611,1.200,339.47,8.149,19.216,5.382,7.312,21.253
21.15,212.800,98.420,13.617,1.200,339.47,8.152,19.346,2.662,3.430,19.827
21.20,212.100,98.421,13.621,1.200,339.48,8.152,17.968,4.076,3.387,18.733
21.25,211.500,98.440,13.625,1.200,339.48,8.152,28.918,10.283,14.258,33.842
21.30,210.900,98.443,13.629,1.200,339.48,8.152,24.369,9.701,6.659,27.061
21.35,210.600,98.447,13.631,1.200,339.48,8.152,14.646,5.001,-0.545,15.486
21.40,210.000,98.450,13.635,1.200,339.49,8.152,9.357,3.502,0.000,9.991
21.45,209.400,98.452,13.639,1.201,339.49,8.152,12.019,4.140,0.100,12.713
21.50,208.500,98.455,13.645,1.201,339.49,8.152,7.635,0.962,-2.203,8.004
21.55,207.600,98.456,13.651,1.201,339.49,8.15,17.896,0.402,1.571,17.969
21.60,206.700,98.459,13.656,1.201,339.50,8.15,8.195,-0.251,0.517,8.215
21.65,206.000,98.460,13.661,1.201,339.50,8.15,6.429,3.143,3.358,7.905
21.70,205.700,98.467,13.663,1.201,339.50,8.15,0.344,6.896,0.775,6.948
21.75,204.800,98.519,13.669,1.201,339.51,8.15,5.245,7.427,4.485,10.138
21.80,203.900,98.531,13.675,1.201,339.51,8.15,9.938,4.879,6.817,13.002
21.85,203.000,98.558,13.681,1.201,339.51,8.15,3.530,3.932,5.324,7.502
21.90,202.400,98.565,13.684,1.201,339.51,8.15,9.271,8.596,7.542,14.722
21.95,201.500,98.566,13.690,1.201,339.52,8.15,16.884,7.025,6.781,19.504
22.00,200.600,98.567,13.696,1.202,339.52,8.149,11.732,5.518,5.898,14.244
22.05,199.900,98.569,13.701,1.202,339.52,8.149,16.002,5.992,3.588,17.459
22.10,199.600,98.570,13.703,1.202,339.53,8.149,30.597,6.322,4.384,31.549
22.15,199.300,98.572,13.705,1.202,339.53,8.149,30.224,9.917,5.267,32.242
22.20,199.000,98.573,13.707,1.202,339.53,8.149,11.352,1.636,1.234,11.535
22.25,199.000,98.574,13.707,1.202,339.53,8.149,7.355,0.947,0.631,7.443
22.30,198.700,98.576,13.708,1.202,339.53,8.149,8.632,1.019,-0.890,8.738
22.35,198.100,98.577,13.712,1.202,339.53,8.149,4.750,0.179,-0.890,4.836
22.40,197.500,98.579,13.716,1.202,339.53,8.148,4.076,-0.158,-2.547,4.809
22.45,197.200,98.580,13.718,1.202,339.53,8.148,2.684,-0.804,-2.433,3.710
22.50,196.900,98.582,13.720,1.202,339.54,8.148,2.956,-0.373,-2.877,4.142
22.55,196.600,98.584,13.722,1.202,339.54,8.148,4.714,-0.136,-2.038,5.138
22.60,196.000,98.586,13.726,1.202,339.54,8.148,4.334,0.538,-5.166,6.765
22.65,194.800,98.588,13.734,1.202,339.54,8.148,5.253,-1.112,-3.990,6.689
22.70,193.500,98.590,13.742,1.202,339.55,8.148,3.968,-0.065,-3.645,5.389
22.75,192.600,98.592,13.748,1.203,339.55,8.148,3.660,1.536,-2.877,4.902
22.80,192.300,98.620,13.750,1.203,339.55,8.147,2.052,3.430,4.521,6.034
22.85,191.700,98.639,13.754,1.203,339.56,8.147,0.179,0.904,1.234,1.540
22.90,190.800,98.673,13.760,1.203,339.56,8.147,1.995,1.342,2.468,3.446
22.95,190.200,98.730,13.764,1.203,339.56,8.147,1.493,5.977,4.420,7.582
23.00,189.300,98.760,13.770,1.203,339.56,8.147,2.877,9.917,5.253,11.585
23.05,188.700,98.763,13.773,1.203,339.57,8.147,0.459,6.128,-2.669,6.700
23.10,187.800,98.766,13.779,1.203,339.57,8.147,0.136,1.801,-2.956,3.464
23.15,187.100,98.770,13.784,1.203,339.57,8.147,22.359,3.911,13.038,26.177
23.20,186.200,98.774,13.790,1.203,339.58,8.147,6.372,7.355,15.298,18.131
23.25,185.600,98.778,13.794,1.203,339.58,8.145,7.943,-0.373,6.049,9.991
23.30,184.700,98.782,13.799,1.203,339.58,8.145,5.482,2.949,10.032,11.806
23.35,184.100,98.786,13.803,1.203,339.58,8.145,3.157,5.863,7.577,10.087
23.40,183.200,98.791,13.809,1.204,339.59,8.145,6.666,11.223,9.013,15.862
23.45,181.700,98.797,13.819,1.204,339.59,8.145,6.623,16.439,5.977,18.704
23.50,180.100,98.802,13.829,1.204,339.60,8.145,2.375,9.953,2.784,10.604
23.55,178.900,98.805,13.837,1.204,339.60,8.145,3.416,11.029,2.533,11.820
23.60,177.400,98.842,13.847,1.204,339.61,8.145,1.536,10.756,-4.592,11.796
23.65,176.200,98.858,13.855,1.204,339.62,8.145,14.050,11.926,-2.067,18.545
23.70,175.000,98.861,13.863,1.205,339.62,8.145,8.410,9.666,-1.916,12.955
23.75,173.700,98.878,13.871,1.205,339.62,8.145,4.140,6.092,-3.566,8.184
23.80,172.800,98.890,13.877,1.205,339.63,8.145,1.959,3.968,-4.191,6.095
23.85,172.200,98.897,13.881,1.205,339.63,8.145,4.714,6.602,-3.904,9.002
23.90,171.600,98.913,13.885,1.205,339.63,8.145,14.703,15.011,-0.316,21.015
23.95,171.300,98.921,13.887,1.205,339.63,8.145,10.986,12.658,1.112,16.797
24.00,171.300,98.923,13.887,1.205,339.63,8.145,5.482,8.783,1.973,10.540
24.05,170.700,98.926,13.890,1.205,339.64,8.142,14.925,4.793,4.463,16.299
24.10,170.400,98.929,13.892,1.205,339.64,8.142,8.274,4.980,6.128,11.437
24.15,169.800,98.932,13.896,1.205,339.64,8.142,5.977,1.550,4.600,7.700
24.20,169.500,98.935,13.898,1.205,339.64,8.142,7.204,0.861,3.200,7.930
24.25,169.200,98.938,13.900,1.205,339.64,8.142,8.733,1.284,2.031,9.057
24.30,169.200,98.941,13.900,1.205,339.64,8.142,9.357,1.284,0.466,9.456
24.35,168.200,98.944,13.907,1.205,339.65,8.142,13.914,4.829,-0.538,14.738
24.40,167.300,98.947,13.913,1.205,339.65,8.142,0.352,-2.555,-7.125,7.578
24.45,166.400,98.950,13.918,1.206,339.65,8.141,12.844,7.125,5.497,15.683
24.50,165.200,98.952,13.926,1.206,339.66,8.141,8.525,-2.720,0.517,8.963
24.55,164.300,98.954,13.932,1.206,339.66,8.141,4.384,-5.913,0.057,7.361
24.60,163.700,98.957,13.936,1.206,339.66,8.141,4.219,-6.774,1.033,8.047
24.65,163.100,98.993,13.940,1.206,339.67,8.141,4.879,-6.142,2.892,8.361
24.70,162.800,99.017,13.942,1.206,339.67,8.141,5.669,-3.617,2.418,7.146
24.75,162.500,99.027,13.944,1.206,339.67,8.141,8.037,-3.466,2.110,9.003
24.80,161.800,99.028,13.948,1.206,339.67,8.141,9.766,0.000,1.270,9.848
24.85,160.600,99.029,13.956,1.206,339.68,8.141,5.884,-1.902,1.615,6.391
24.90,159.700,99.030,13.962,1.206,339.68,8.141,2.555,-1.607,2.239,3.758
24.95,158.500,99.031,13.970,1.206,339.68,8.141,2.511,-3.315,3.330,5.328
25.00,157.600,99.033,13.976,1.207,339.69,8.141,2.268,-5.281,3.774,6.876
25.05,156.400,99.034,13.983,1.207,339.69,8.141,5.339,-1.858,6.171,8.369
25.10,155.800,99.035,13.987,1.207,339.69,8.141,8.044,-4.026,3.279,9.574
25.15,154.800,99.110,13.994,1.207,339.70,8.141,13.957,5.941,2.763,15.418
25.20,153.900,99.125,14.000,1.207,339.70,8.141,10.476,12.500,2.813,16.550
25.25,153.000,99.142,14.006,1.207,339.70,8.141,16.303,19.080,1.406,25.136
25.30,151.800,99.178,14.013,1.207,339.71,8.14,20.192,13.497,2.856,24.455
25.35,150.600,99.181,14.021,1.207,339.71,8.14,15.987,17.839,0.000,23.954
25.40,149.400,99.185,14.029,1.208,339.72,8.14,0.309,6.853,2.820,7.417
25.45,148.100,99.189,14.037,1.208,339.72,8.14,26.980,25.143,6.968,37.532
25.50,147.500,99.193,14.041,1.208,339.73,8.14,1.858,7.872,5.152,9.590
25.55,146.900,99.197,14.045,1.208,339.73,8.14,1.514,5.497,15.220,16.252
25.60,146.000,99.201,14.051,1.208,339.73,8.14,2.583,12.199,12.055,17.344
25.65,145.700,99.205,14.053,1.208,339.73,8.14,0.753,19.274,13.225,23.387
25.70,145.100,99.209,14.057,1.208,339.73,8.138,3.674,10.046,8.195,13.475
25.75,144.200,99.214,14.063,1.208,339.74,8.138,2.705,2.181,9.859,10.454
25.80,143.600,99.218,14.067,1.208,339.74,8.138,0.926,0.201,3.645,3.766
25.85,142.600,99.220,14.073,1.208,339.74,8.138,3.509,-0.466,5.245,6.328
25.90,141.400,99.249,14.081,1.208,339.75,8.138,0.603,0.273,3.760,3.818
25.95,140.200,99.255,14.089,1.209,339.75,8.138,0.883,1.119,2.569,2.938
26.00,138.400,99.263,14.100,1.209,339.76,8.138,2.741,0.883,-0.230,2.889
26.05,136.900,99.268,14.110,1.209,339.77,8.138,6.551,7.312,2.935,10.247
26.10,135.000,99.285,14.123,1.209,339.77,8.138,7.563,5.805,25.280,27.018
26.15,133.200,99.296,14.134,1.209,339.78,8.137,0.517,3.243,6.666,7.431
26.20,131.400,99.312,14.146,1.210,339.79,8.137,6.688,5.418,8.611,12.175
26.25,129.800,99.392,14.156,1.210,339.79,8.137,4.140,13.088,9.099,16.469
26.30,128.300,99.430,14.166,1.210,339.80,8.137,5.231,8.345,9.745,13.855
26.35,126.800,99.445,14.176,1.210,339.81,8.137,6.300,10.469,9.343,15.381
26.40,125.600,99.452,14.184,1.210,339.81,8.137,6.071,11.122,8.288,15.141
26.45,124.700,99.499,14.189,1.210,339.81,8.137,6.946,11.101,8.518,15.621
26.50,124.100,99.501,14.193,1.210,339.82,8.137,7.011,6.896,8.137,12.764
26.55,123.100,99.504,14.200,1.211,339.82,8.136,6.968,8.561,4.994,12.115
26.60,123.100,99.507,14.200,1.211,339.82,8.136,9.328,2.834,5.497,11.192
26.65,123.100,99.510,14.200,1.211,339.82,8.136,9.816,-0.538,10.448,14.346
26.70,123.100,99.513,14.200,1.211,339.82,8.136,0.517,0.560,33.582,33.591
26.75,122.967,99.516,14.201,1.211,339.82,8.136,2.282,2.354,8.482,9.093
26.80,122.833,99.519,14.202,1.211,339.82,8.136,5.188,2.009,8.898,10.494
26.85,122.700,99.522,14.202,1.211,339.82,8.136,6.602,11.567,12.744,18.433
26.90,122.567,99.526,14.203,1.211,339.82,8.136,0.696,0.732,1.076,1.476
26.95,122.433,99.529,14.204,1.211,339.82,8.135,7.979,6.394,0.832,10.259
27.00,122.300,99.532,14.205,1.211,339.82,8.135,8.675,5.131,-3.502,10.670
27.05,122.167,99.535,14.206,1.211,339.82,8.135,6.602,2.239,-5.475,8.864
27.10,122.033,99.538,14.207,1.211,339.82,8.135,1.177,-0.179,-7.298,7.394
27.15,121.900,99.541,14.208,1.211,339.82,8.135,1.263,0.115,-5.346,5.494
27.20,120.700,99.545,14.215,1.211,339.83,8.135,6.437,2.282,-4.714,8.298
27.25,119.500,99.549,14.223,1.211,339.83,8.135,2.928,1.112,-11.051,11.486
27.30,118.600,99.554,14.229,1.211,339.84,8.135,5.992,2.662,-9.759,11.757
27.35,117.300,99.558,14.238,1.211,339.84,8.135,5.970,7.979,-14.717,17.774
27.40,116.100,99.561,14.245,1.211,339.85,8.133,6.566,6.724,-18.025,20.328
27.45,114.900,99.590,14.253,1.212,339.85,8.133,7.405,7.778,-14.495,18.040
27.50,113.700,99.593,14.261,1.212,339.86,8.133,5.855,2.189,-8.898,10.874
27.55,113.100,99.594,14.265,1.212,339.86,8.133,1.593,5.913,-6.056,8.613
27.60,111.900,99.595,14.273,1.212,339.86,8.133,3.502,7.082,-8.941,11.932
27.65,110.600,99.605,14.281,1.212,339.87,8.133,5.224,10.390,-5.540,12.882
27.70,109.400,99.625,14.289,1.212,339.87,8.133,3.753,9.587,-3.530,10.884
27.75,108.800,99.631,14.293,1.212,339.87,8.133,5.188,9.931,-3.789,11.828
27.80,108.200,99.633,14.297,1.212,339.88,8.132,7.290,10.627,-7.678,15.001
27.85,107.600,99.648,14.301,1.212,339.88,8.132,2.203,8.919,-1.579,9.322
27.90,106.700,99.652,14.306,1.213,339.88,8.132,0.904,9.673,-1.514,9.832
27.95,105.800,99.656,14.312,1.213,339.89,8.132,0.366,10.663,-2.038,10.862
28.00,105.200,99.667,14.316,1.213,339.89,8.132,0.710,11.825,-5.669,13.133
28.05,104.200,99.675,14.323,1.213,339.89,8.132,0.144,12.191,-3.703,12.742
28.10,103.300,99.697,14.329,1.213,339.90,8.132,1.342,10.570,-7.125,12.818
28.15,102.400,99.701,14.334,1.213,339.90,8.132,5.324,4.772,-2.454,7.559
28.20,101.500,99.711,14.340,1.213,339.90,8.13,4.406,0.179,-5.245,6.853
28.25,100.300,99.723,14.348,1.213,339.91,8.13,2.203,-0.029,-10.914,11.134
28.30,99.400,99.737,14.354,1.213,339.91,8.13,2.110,0.768,-9.881,10.133
28.35,98.500,99.741,14.360,1.213,339.91,8.13,0.086,9.020,-8.274,12.240
28.40,97.500,99.769,14.366,1.214,339.92,8.13,1.722,5.109,-7.334,9.102
28.45,96.900,99.775,14.370,1.214,339.92,8.13,5.281,7.355,-5.116,10.400
28.50,96.300,99.782,14.374,1.214,339.92,8.13,4.485,5.705,-4.772,8.685
28.55,95.700,99.794,14.378,1.214,339.92,8.13,4.679,3.889,-3.523,7.030
28.60,95.100,99.805,14.382,1.214,339.93,8.13,4.191,-0.172,-4.047,5.828
28.65,94.500,99.806,14.386,1.214,339.93,8.13,3.925,1.055,-4.348,5.952
28.70,93.900,99.823,14.390,1.214,339.93,8.13,3.215,0.309,-4.327,5.399
28.75,93.600,99.830,14.392,1.214,339.93,8.13,1.213,0.387,-4.277,4.462
28.80,92.700,99.838,14.397,1.214,339.94,8.13,3.617,3.509,-5.195,7.238
28.85,92.000,99.846,14.402,1.214,339.94,8.13,12.457,3.430,-5.855,14.185
28.90,91.400,99.854,14.406,1.214,339.94,8.13,7.735,18.449,-1.098,20.035
28.95,90.800,99.862,14.410,1.214,339.94,8.13,9.034,8.955,-8.805,15.470
29.00,89.900,99.870,14.416,1.214,339.95,8.13,1.019,0.832,-8.352,8.455
29.05,89.000,99.878,14.422,1.215,339.95,8.128,18.542,2.418,-12.213,22.334
29.10,87.800,99.886,14.429,1.215,339.96,8.128,15.600,4.944,-2.210,16.513
29.15,86.600,99.895,14.437,1.215,339.96,8.128,11.251,3.408,-4.270,12.508
29.20,85.300,99.902,14.446,1.215,339.96,8.128,14.265,1.320,-3.760,14.811
29.25,83.800,99.905,14.455,1.215,339.97,8.128,13.175,-0.825,-4.535,13.958
29.30,82.900,99.940,14.461,1.215,339.97,8.128,15.794,-1.406,0.000,15.856
29.35,81.700,99.956,14.469,1.215,339.98,8.128,13.146,-3.739,-5.281,14.652
29.40,80.800,99.981,14.475,1.216,339.98,8.128,13.921,7.090,-3.279,15.963
29.45,79.900,99.990,14.481,1.216,339.99,8.125,2.038,-4.291,-2.834,5.532
29.50,78.900,99.993,14.487,1.216,339.99,8.125,0.366,1.005,-6.508,6.596
29.55,78.000,99.995,14.493,1.216,339.99,8.125,20.307,8.790,-8.632,23.752
29.60,77.100,99.999,14.499,1.216,340.00,8.125,3.911,3.760,-9.092,10.587
29.65,76.500,100.003,14.503,1.216,340.00,8.125,0.136,9.092,-7.850,12.012
29.70,75.900,100.004,14.507,1.216,340.00,8.125,0.617,4.485,-10.067,11.038
29.75,75.600,100.015,14.509,1.216,340.00,8.125,6.207,6.164,-5.109,10.130
29.80,75.000,100.036,14.513,1.216,340.00,8.125,4.980,8.101,-6.702,11.634
29.85,74.400,100.040,14.516,1.216,340.01,8.125,6.264,4.133,-3.416,8.246
29.90,73.500,100.044,14.522,1.216,340.01,8.125,6.889,4.729,3.559,9.082
29.95,72.800,100.049,14.527,1.216,340.01,8.125,5.360,5.396,4.255,8.715
30.00,71.900,100.051,14.533,1.217,340.02,8.125,7.678,6.817,3.164,10.744
30.05,71.000,100.069,14.539,1.217,340.02,8.125,9.185,8.058,3.222,12.636
30.10,70.100,100.076,14.544,1.217,340.02,8.125,5.511,3.674,-0.517,6.643
30.15,69.200,100.085,14.550,1.217,340.03,8.125,6.401,5.052,-4.291,9.214
30.20,68.300,100.104,14.556,1.217,340.03,8.125,5.654,3.394,-6.645,9.362
30.25,67.400,100.123,14.562,1.217,340.03,8.125,0.560,2.526,-8.962,9.328
30.30,66.400,100.134,14.568,1.217,340.04,8.125,0.230,7.255,-9.056,11.605
30.35,65.500,100.135,14.574,1.217,340.04,8.125,0.136,1.615,-6.257,6.464
30.40,64.600,100.152,14.580,1.217,340.04,8.125,3.444,5.654,-8.632,10.879
30.45,64.000,100.163,14.584,1.217,340.05,8.125,2.239,2.296,-8.216,8.820
30.50,63.100,100.180,14.590,1.218,340.05,8.125,1.421,4.542,-7.262,8.682
30.55,62.200,100.182,14.596,1.218,340.05,8.125,2.052,3.817,-6.688,7.969
30.60,61.600,100.183,14.600,1.218,340.06,8.125,2.110,6.910,-7.255,10.239
30.65,61.000,100.185,14.604,1.218,340.06,8.125,0.847,3.164,-7.147,7.862
30.70,60.000,100.187,14.610,1.218,340.06,8.124,0.194,2.877,-7.147,7.707
30.75,59.100,100.199,14.616,1.218,340.07,8.124,0.976,1.349,-5.819,6.053
30.80,58.500,100.217,14.620,1.218,340.07,8.124,1.571,1.902,-6.889,7.317
30.85,57.600,100.230,14.626,1.218,340.07,8.124,2.985,2.928,-6.860,8.034
30.90,57.000,100.237,14.630,1.218,340.07,8.124,5.303,3.674,-6.379,9.073
30.95,56.700,100.239,14.631,1.218,340.07,8.124,4.406,1.837,-5.461,7.253
31.00,56.100,100.262,14.635,1.218,340.08,8.124,10.534,2.095,-6.257,12.430
31.05,55.200,100.292,14.641,1.219,340.08,8.124,4.994,1.227,-2.189,5.589
31.10,54.600,100.289,14.645,1.219,340.08,8.123,0.596,-4.270,1.040,4.435
31.15,53.900,100.306,14.650,1.219,340.09,8.123,1.270,1.076,6.013,6.239
31.20,53.000,100.309,14.656,1.219,340.09,8.123,1.005,0.868,7.850,7.962
31.25,52.100,100.312,14.661,1.219,340.09,8.123,1.213,0.201,7.032,7.139
31.30,51.500,100.315,14.665,1.219,340.09,8.123,0.710,0.890,6.530,6.628
31.35,50.600,100.319,14.671,1.219,340.10,8.123,1.349,0.366,5.540,5.713
31.40,50.000,100.323,14.675,1.219,340.10,8.123,0.832,0.115,2.784,2.908
31.45,48.800,100.326,14.683,1.219,340.10,8.123,0.086,0.466,1.607,1.676
31.50,47.900,100.396,14.689,1.219,340.11,8.123,7.549,9.845,2.382,12.633
31.55,46.600,100.403,14.697,1.220,340.11,8.121,17.760,20.788,-2.698,27.474
31.60,45.100,100.417,14.707,1.220,340.12,8.121,6.910,13.110,7.778,16.737
31.65,43.900,100.421,14.715,1.220,340.12,8.121,0.631,12.249,7.491,14.372
31.70,42.400,100.425,14.724,1.220,340.13,8.121,1.040,12.579,1.837,12.755
31.75,40.800,100.441,14.735,1.220,340.14,8.121,2.031,4.291,-1.227,4.903
31.80,39.600,100.460,14.743,1.220,340.14,8.121,0.352,4.887,-27.669,28.100
31.85,38.700,100.463,14.748,1.220,340.14,8.121,25.143,6.257,2.124,25.997
31.90,37.800,100.477,14.754,1.221,340.15,8.121,17.932,1.284,-1.579,18.047
31.95,36.600,100.491,14.762,1.221,340.15,8.118,17.035,5.138,-8.022,19.518
32.00,35.100,100.512,14.772,1.221,340.16,8.118,21.893,7.621,-5.253,23.769
32.05,33.500,100.523,14.782,1.221,340.16,8.118,18.169,1.744,-0.309,18.255
32.10,32.600,100.533,14.788,1.221,340.17,8.118,12.349,-1.091,1.406,12.477
32.15,31.700,100.541,14.794,1.221,340.17,8.118,12.062,-0.603,-0.947,12.114
32.20,30.800,100.558,14.800,1.221,340.17,8.118,12.077,-1.980,-3.638,12.767
32.25,30.200,100.571,14.804,1.221,340.18,8.118,7.046,-2.454,-7.032,10.253
32.30,29.600,100.590,14.808,1.222,340.18,8.118,8.331,-4.851,-4.406,10.599
32.35,29.300,100.601,14.810,1.222,340.18,8.119,7.448,-2.698,-4.822,9.274
32.40,28.700,100.612,14.813,1.222,340.18,8.119,12.801,2.454,-4.679,13.849
32.45,28.300,100.623,14.816,1.222,340.18,8.119,7.427,-2.476,3.990,8.787
32.50,27.700,100.634,14.820,1.222,340.19,8.119,3.739,-3.064,4.212,6.411
32.55,26.800,100.645,14.826,1.222,340.19,8.119,7.714,0.775,3.444,8.483
32.60,26.200,100.656,14.830,1.222,340.19,8.119,8.274,1.995,4.937,9.839
32.65,25.600,100.667,14.834,1.222,340.19,8.119,6.874,3.638,5.453,9.499
32.70,25.000,100.678,14.838,1.222,340.20,8.119,7.463,5.970,5.360,10.957
32.75,23.800,100.689,14.845,1.222,340.20,8.119,7.176,9.422,3.925,12.477
32.80,22.300,100.700,14.855,1.222,340.21,8.118,5.532,11.366,0.847,12.669
32.85,20.100,100.712,14.869,1.223,340.22,8.118,6.666,10.878,-1.894,12.898
32.90,18.300,100.724,14.881,1.223,340.22,8.118,13.627,11.904,-5.633,18.951
32.95,16.500,100.733,14.893,1.223,340.23,8.118,9.285,10.735,-9.414,17.032
33.00,14.600,100.736,14.905,1.223,340.24,8.118,2.698,7.829,-7.850,11.410
33.05,13.100,100.801,14.915,1.223,340.24,8.118,9.364,6.164,-10.433,15.315
33.10,11.900,100.803,14.923,1.224,340.25,8.118,13.533,5.877,-10.699,18.225
33.15,10.700,100.804,14.930,1.224,340.25,8.118,10.620,2.741,-10.261,15.020
33.20,9.400,100.806,14.939,1.224,340.26,8.117,3.330,-3.129,-6.645,8.064
33.25,7.900,100.807,14.949,1.224,340.26,8.117,2.476,-3.179,-5.941,7.179
33.30,6.400,100.809,14.958,1.224,340.27,8.117,12.141,1.844,-8.001,14.657
33.35,5.500,100.811,14.964,1.224,340.27,8.117,11.251,-0.344,-6.472,12.985
33.40,4.900,100.812,14.968,1.224,340.27,8.117,7.979,-2.641,-6.343,10.530
33.45,4.600,100.814,14.970,1.224,340.27,8.117,9.723,-1.615,-6.394,11.748
33.50,4.500,100.815,14.971,1.224,340.28,8.117,9.013,-0.287,-7.219,11.551
33.55,4.400,100.817,14.971,1.224,340.28,8.117,24.404,63.131,-72.625,99.275
33.60,4.300,100.819,14.972,1.224,340.28,8.116,92.444,39.158,0.431,100.396
33.65,4.300,100.820,14.972,1.224,340.28,8.116,6.853,-10.304,27.698,30.337
33.70,4.000,100.822,14.974,1.225,340.28,8.116,40.011,19.518,9.816,45.588
33.75,3.400,100.823,14.978,1.225,340.28,8.116,5.001,15.327,-33.130,36.845
33.80,2.700,100.825,14.982,1.225,340.28,8.116,0.653,23.787,6.336,24.625
33.85,2.400,100.827,14.984,1.225,340.28,8.116,1.801,0.179,2.799,3.333
33.90,2.400,100.828,14.984,1.225,340.28,8.116,2.303,-16.590,16.389,23.434
33.95,2.400,100.830,14.984,1.225,340.28,8.116,7.757,11.216,1.292,13.698
34.00,2.400,100.831,14.984,1.225,340.28,8.114,3.473,7.886,-0.804,8.654
34.05,2.400,100.833,14.984,1.225,340.28,8.114,3.660,5.769,0.258,6.837
34.10,2.400,100.834,14.984,1.225,340.28,8.114,10.950,2.763,2.547,11.577
34.15,2.400,100.836,14.984,1.225,340.28,8.114,0.524,2.153,2.095,3.049
34.20,2.400,100.838,14.984,1.225,340.28,8.114,8.403,-10.218,20.687,24.556
34.25,2.400,100.839,14.984,1.225,340.28,8.114,18.685,2.684,12.715,22.760
34.30,2.400,100.841,14.984,1.225,340.28,8.114,2.741,0.136,5.461,6.112
34.35,2.400,100.842,14.984,1.225,340.28,8.114,8.252,0.423,7.735,11.319
34.40,2.400,100.844,14.984,1.225,340.28,8.114,4.937,-2.038,6.623,8.508
34.45,2.400,100.846,14.984,1.225,340.28,8.113,8.869,-41.762,0.524,42.697
34.50,2.400,100.847,14.984,1.225,340.28,8.113,0.409,0.022,28.609,28.612
34.55,2.400,100.849,14.984,1.225,340.28,8.113,0.631,0.431,-0.007,0.764
34.60,2.400,100.850,14.984,1.225,340.28,8.113,1.148,-1.349,-0.890,1.982
34.65,2.400,100.852,14.984,1.225,340.28,8.113,0.466,12.177,8.883,15.080
34.70,2.400,100.853,14.984,1.225,340.28,8.113,12.959,-3.279,-21.434,25.261
34.75,2.400,100.855,14.984,1.225,340.28,8.113,8.553,-0.466,0.517,8.582
34.80,2.400,100.857,14.984,1.225,340.28,8.113,12.055,0.409,4.427,12.849
34.85,2.400,100.858,14.984,1.225,340.28,8.111,10.448,0.603,1.206,10.534
34.90,2.400,100.860,14.984,1.225,340.28,8.111,8.962,1.155,7.276,11.602
34.95,2.400,100.861,14.984,1.225,340.28,8.111,4.786,1.536,9.651,10.882
35.00,2.400,100.863,14.984,1.225,340.28,8.111,6.394,1.327,7.463,9.916
35.05,2.400,100.865,14.984,1.225,340.28,8.111,7.147,1.213,6.185,9.529
35.10,2.400,100.866,14.984,1.225,340.28,8.111,7.527,0.660,7.125,10.386
35.15,2.100,100.869,14.986,1.225,340.28,8.111,7.011,1.234,6.838,9.871